,A,B,C,D
0,mainHall,mainHall,hallA,out
1,mainHall,other,mainHall,out
2,mainHall,mainHall,other,out
3,mainHall,hallB,other,out
4,exhibition,exhibition,mainHall,out
5,mainHall,mainHall,hallA,out
6,mainHall,other,mainHall,out
7,exhibition,mainHall,other,out
8,out,mainHall,exhibition,out
9,mainHall,mainHall,hallA,out
10,mainHall,mainHall,hallA,out
11,other,other,other,out
12,other,hallC,hallC,out
13,other,other,other,out
14,other,other,other,out
15,mainHall,mainHall,other,out
16,other,other,other,out
17,mainHall,mainHall,other,out
18,mainHall,mainHall,other,out
19,mainHall,mainHall,mainHall,out
20,mainHall,hallB,mainHall,out
21,mainHall,hallB,mainHall,out
22,other,other,out,out
23,mainHall,hallB,mainHall,out
24,mainHall,out,out,out
25,out,other,other,out
26,other,other,other,out
27,out,hallB,out,out
28,other,hallC,other,out
29,mainHall,mainHall,mainHall,out
30,out,hallB,other,out
31,out,out,out,out
32,other,other,other,out
33,mainHall,mainHall,mainHall,out
34,mainHall,mainHall,mainHall,out
35,other,other,other,out
36,exhibition,mainHall,mainHall,out
37,mainHall,mainHall,mainHall,out
38,mainHall,mainHall,mainHall,out
39,out,hallC,out,out
40,mainHall,hallB,mainHall,out
41,mainHall,mainHall,hallA,out
42,out,hallB,other,out
43,out,mainHall,mainHall,out
44,out,out,mainHall,out
45,mainHall,mainHall,hallA,out
46,mainHall,mainHall,mainHall,out
47,mainHall,mainHall,out,out
48,mainHall,mainHall,hallA,out
49,out,hallB,exhibition,out
50,out,hallB,other,out
51,mainHall,other,mainHall,out
52,mainHall,hallB,mainHall,out
53,other,other,other,other
54,mainHall,mainHall,hallA,out
55,other,hallB,other,out
56,exhibition,other,mainHall,out
57,out,hallB,other,out
58,other,hallC,out,out
59,mainHall,mainHall,hallA,out
60,mainHall,mainHall,other,out
61,mainHall,other,mainHall,out
62,out,out,other,out
63,mainHall,hallB,out,out
64,mainHall,mainHall,hallA,out
65,other,other,other,other
66,out,hallA,hallA,out
67,mainHall,mainHall,other,out
68,mainHall,mainHall,mainHall,out
69,mainHall,mainHall,hallA,out
70,mainHall,mainHall,hallA,out
71,mainHall,other,out,out
72,out,hallB,out,out
73,mainHall,other,mainHall,out
74,other,other,other,out
75,out,out,other,out
76,out,hallB,out,out
77,out,hallB,other,out
78,mainHall,hallB,mainHall,out
79,mainHall,mainHall,hallA,out
80,out,hallA,hallA,out
81,out,hallA,hallA,out
82,mainHall,mainHall,other,out
83,mainHall,other,mainHall,out
84,mainHall,mainHall,other,out
85,mainHall,other,mainHall,out
86,out,hallC,hallA,out
87,mainHall,mainHall,other,out
88,out,other,other,out
89,mainHall,hallB,mainHall,out
90,mainHall,mainHall,other,out
91,mainHall,mainHall,hallA,out
92,other,hallB,hallB,out
93,out,other,other,out
94,mainHall,hallB,out,out
95,out,hallC,other,out
96,out,out,other,out
97,mainHall,mainHall,hallA,out
98,mainHall,mainHall,other,out
99,out,out,mainHall,out
100,mainHall,mainHall,hallA,out
101,mainHall,other,mainHall,out
102,other,hallB,out,out
103,other,hallC,hallC,out
104,other,other,other,out
105,mainHall,mainHall,hallA,out
106,out,hallC,hallC,out
107,other,hallB,hallB,out
108,mainHall,mainHall,hallA,out
109,mainHall,mainHall,hallA,out
110,exhibition,mainHall,other,out
111,mainHall,mainHall,hallA,out
112,mainHall,mainHall,hallA,out
113,mainHall,mainHall,hallA,out
114,out,hallA,other,out
115,mainHall,mainHall,other,out
116,out,hallB,other,out
117,mainHall,mainHall,other,out
118,mainHall,mainHall,other,out
119,other,other,other,out
120,mainHall,other,mainHall,out
121,other,other,out,out
122,mainHall,mainHall,other,out
123,mainHall,mainHall,hallA,out
124,other,hallB,hallB,out
125,mainHall,mainHall,hallA,out
126,other,other,other,out
127,out,hallB,other,out
128,mainHall,hallB,mainHall,out
129,out,hallB,hallB,out
130,out,hallA,hallA,out
131,other,hallB,other,out
132,other,hallB,hallB,out
133,mainHall,mainHall,mainHall,out
134,mainHall,mainHall,other,out
135,mainHall,mainHall,hallA,out
136,mainHall,mainHall,hallA,out
137,mainHall,mainHall,hallA,out
138,other,hallB,other,out
139,out,mainHall,mainHall,out
140,mainHall,mainHall,hallA,out
141,mainHall,mainHall,other,out
142,mainHall,exhibition,out,out
143,mainHall,mainHall,hallA,out
144,exhibition,exhibition,mainHall,out
145,other,hallB,other,out
146,out,mainHall,exhibition,out
147,mainHall,mainHall,mainHall,out
148,out,out,mainHall,out
149,mainHall,hallB,out,out
150,mainHall,mainHall,mainHall,out
151,out,hallB,hallA,out
152,mainHall,hallB,mainHall,out
153,other,other,hallA,out
154,mainHall,mainHall,hallA,out
155,mainHall,hallB,mainHall,out
156,exhibition,exhibition,mainHall,out
157,mainHall,mainHall,hallA,out
158,mainHall,mainHall,hallA,out
159,mainHall,mainHall,hallA,out
160,other,other,other,out
161,mainHall,mainHall,hallA,out
162,other,hallC,other,out
163,out,hallB,other,out
164,mainHall,mainHall,hallA,out
165,mainHall,mainHall,mainHall,out
166,other,other,out,out
167,out,mainHall,other,out
168,mainHall,mainHall,other,out
169,out,hallB,other,out
170,exhibition,mainHall,mainHall,out
171,mainHall,mainHall,mainHall,out
172,out,out,mainHall,out
173,mainHall,mainHall,hallA,out
174,mainHall,mainHall,mainHall,out
175,out,hallB,exhibition,out
176,other,other,other,out
177,other,other,other,out
178,mainHall,mainHall,mainHall,out
179,mainHall,mainHall,hallA,out
180,exhibition,other,other,out
181,out,mainHall,mainHall,out
182,mainHall,mainHall,mainHall,out
183,mainHall,mainHall,mainHall,out
184,other,mainHall,other,out
185,mainHall,hallB,mainHall,out
186,out,hallB,other,out
187,out,hallB,out,out
188,other,hallC,other,out
189,mainHall,mainHall,hallA,out
190,mainHall,hallB,mainHall,out
191,out,hallB,hallB,out
192,out,hallB,other,out
193,out,hallB,out,out
194,out,other,hallA,out
195,exhibition,hallB,other,out
196,exhibition,out,out,out
197,out,hallA,hallA,out
198,out,other,out,out
199,mainHall,other,mainHall,out
200,out,out,other,out
201,other,hallB,out,out
202,exhibition,mainHall,other,out
203,mainHall,mainHall,hallA,out
204,mainHall,mainHall,hallA,out
205,out,hallC,out,out
206,other,hallC,other,out
207,mainHall,hallB,other,out
208,mainHall,mainHall,hallA,out
209,mainHall,mainHall,hallA,out
210,mainHall,mainHall,other,out
211,mainHall,other,mainHall,out
212,mainHall,mainHall,out,out
213,other,other,other,out
214,mainHall,mainHall,hallA,out
215,mainHall,mainHall,hallA,out
216,out,hallC,other,out
217,mainHall,mainHall,hallA,out
218,mainHall,hallB,mainHall,out
219,out,hallB,other,out
220,out,out,other,out
221,other,other,other,out
222,mainHall,hallB,mainHall,out
223,mainHall,mainHall,other,out
224,mainHall,mainHall,hallA,out
225,other,other,other,out
226,mainHall,mainHall,hallA,out
227,out,other,other,out
228,other,hallA,out,out
229,exhibition,other,other,out
230,out,other,other,out
231,other,other,out,out
232,mainHall,mainHall,mainHall,out
233,mainHall,mainHall,mainHall,out
234,out,other,other,out
235,mainHall,out,out,out
236,out,hallB,other,out
237,out,other,out,out
238,other,mainHall,mainHall,out
239,out,hallC,out,out
240,out,hallB,other,out
241,out,hallB,out,out
242,out,hallB,hallB,out
243,out,hallB,hallB,out
244,out,other,out,out
245,mainHall,mainHall,hallA,out
246,mainHall,mainHall,hallA,out
247,mainHall,mainHall,other,out
248,mainHall,mainHall,other,out
249,mainHall,mainHall,mainHall,out
250,out,mainHall,mainHall,out
251,mainHall,mainHall,mainHall,out
252,out,exhibition,out,out
253,out,other,mainHall,out
254,mainHall,hallB,mainHall,out
255,mainHall,hallB,mainHall,out
256,mainHall,mainHall,mainHall,out
257,mainHall,hallB,mainHall,out
258,out,hallA,other,out
259,out,hallC,out,out
260,mainHall,mainHall,hallA,out
261,mainHall,mainHall,out,out
262,mainHall,mainHall,hallA,out
263,mainHall,mainHall,other,out
264,out,out,exhibition,out
265,mainHall,other,other,out
266,other,other,other,out
267,out,hallB,hallB,out
268,other,other,out,out
269,mainHall,mainHall,other,out
270,out,other,mainHall,out
271,mainHall,other,exhibition,out
272,mainHall,mainHall,other,out
273,out,hallA,hallA,out
274,mainHall,hallB,mainHall,out
275,out,other,other,out
276,out,hallB,hallB,out
277,mainHall,mainHall,hallA,out
278,mainHall,out,out,out
279,out,other,other,out
280,mainHall,hallB,mainHall,out
281,out,out,other,out
282,other,other,out,out
283,mainHall,hallB,mainHall,out
284,other,mainHall,mainHall,out
285,mainHall,hallB,mainHall,out
286,out,other,other,out
287,mainHall,mainHall,hallA,out
288,mainHall,hallB,out,out
289,mainHall,mainHall,hallA,out
290,out,hallB,out,out
291,mainHall,mainHall,mainHall,out
292,out,hallB,out,out
293,out,hallB,hallA,out
294,mainHall,hallB,mainHall,out
295,mainHall,mainHall,hallA,out
296,exhibition,exhibition,other,out
297,out,hallB,other,out
298,other,other,other,out
299,other,other,other,out
300,mainHall,mainHall,mainHall,out
301,mainHall,mainHall,hallA,out
302,mainHall,hallB,other,out
303,other,other,out,out
304,exhibition,out,out,out
305,out,hallA,hallA,out
306,other,out,out,out
307,out,hallB,out,out
308,mainHall,mainHall,mainHall,out
309,mainHall,hallB,mainHall,out
310,other,hallB,other,out
311,other,other,hallA,out
312,out,out,out,out
313,out,hallB,out,out
314,out,other,exhibition,out
315,mainHall,mainHall,mainHall,out
316,mainHall,mainHall,hallA,out
317,other,other,other,out
318,mainHall,hallB,out,out
319,mainHall,mainHall,mainHall,out
320,other,hallB,other,out
321,mainHall,mainHall,hallA,out
322,mainHall,mainHall,other,out
323,mainHall,mainHall,hallA,out
324,mainHall,mainHall,hallA,out
325,mainHall,mainHall,other,out
326,mainHall,other,mainHall,out
327,mainHall,mainHall,mainHall,out
328,other,hallB,other,out
329,out,out,other,out
330,out,hallC,hallC,out
331,exhibition,exhibition,out,out
332,mainHall,mainHall,hallA,out
333,mainHall,mainHall,mainHall,out
334,out,mainHall,mainHall,out
335,other,other,other,out
336,out,hallB,other,out
337,mainHall,hallB,out,out
338,mainHall,mainHall,hallA,out
339,other,other,out,out
340,mainHall,hallB,mainHall,out
341,mainHall,mainHall,other,out
342,mainHall,mainHall,mainHall,out
343,mainHall,mainHall,out,out
344,mainHall,hallB,mainHall,out
345,mainHall,mainHall,hallA,out
346,mainHall,other,mainHall,out
347,mainHall,mainHall,mainHall,out
348,out,out,other,out
349,out,hallB,mainHall,out
350,mainHall,out,out,out
351,mainHall,mainHall,hallA,out
352,out,hallA,hallA,out
353,mainHall,mainHall,hallA,out
354,mainHall,mainHall,hallA,out
355,other,hallC,hallC,out
356,mainHall,mainHall,hallA,out
357,mainHall,mainHall,hallA,out
358,other,exhibition,other,out
359,hallB,hallB,out,out
360,other,hallB,out,out
361,mainHall,mainHall,hallA,out
362,mainHall,mainHall,hallA,out
363,mainHall,mainHall,other,out
364,out,other,out,out
365,other,other,other,other
366,mainHall,mainHall,hallA,out
367,mainHall,mainHall,hallA,out
368,mainHall,other,other,out
369,mainHall,mainHall,hallA,out
370,out,hallB,out,out
371,mainHall,mainHall,hallA,out
372,other,hallB,other,out
373,mainHall,mainHall,hallA,out
374,mainHall,mainHall,mainHall,out
375,other,other,other,out
376,mainHall,mainHall,mainHall,out
377,mainHall,mainHall,mainHall,out
378,out,hallB,out,out
379,other,hallA,hallA,out
380,mainHall,mainHall,mainHall,out
381,mainHall,mainHall,mainHall,out
382,mainHall,mainHall,mainHall,out
383,other,hallA,hallA,out
384,other,hallB,hallB,out
385,out,out,out,out
386,other,hallB,other,out
387,mainHall,mainHall,hallA,out
388,mainHall,mainHall,out,out
389,out,other,other,out
390,mainHall,mainHall,hallA,out
391,exhibition,hallB,mainHall,out
392,out,hallB,hallB,out
393,out,out,other,out
394,mainHall,hallB,other,out
395,mainHall,mainHall,hallA,out
396,mainHall,mainHall,hallA,out
397,out,hallA,out,out
398,out,out,mainHall,out
399,mainHall,mainHall,hallA,out
400,out,out,other,out
401,mainHall,mainHall,mainHall,out
402,other,hallC,other,out
403,other,other,other,mainHall
404,mainHall,mainHall,hallA,out
405,out,hallB,out,out
406,out,other,out,out
407,out,other,out,out
408,other,hallB,hallB,out
409,mainHall,mainHall,other,out
410,mainHall,mainHall,other,out
411,mainHall,other,out,out
412,mainHall,mainHall,other,out
413,out,hallC,other,out
414,mainHall,mainHall,other,out
415,other,hallC,out,out
416,mainHall,hallB,mainHall,out
417,mainHall,mainHall,mainHall,out
418,out,hallC,out,out
419,mainHall,other,mainHall,out
420,out,hallB,other,out
421,mainHall,mainHall,mainHall,out
422,other,other,other,other
423,mainHall,mainHall,mainHall,out
424,out,other,out,out
425,other,other,other,out
426,mainHall,hallB,mainHall,out
427,mainHall,mainHall,mainHall,out
428,other,hallA,hallA,out
429,mainHall,other,mainHall,out
430,out,other,other,out
431,out,out,other,out
432,out,hallB,mainHall,out
433,other,hallA,hallA,out
434,other,other,exhibition,out
435,mainHall,hallB,mainHall,out
436,out,hallC,other,out
437,mainHall,mainHall,hallA,out
438,mainHall,mainHall,out,out
439,mainHall,mainHall,hallA,out
440,mainHall,hallB,mainHall,out
441,other,mainHall,other,out
442,mainHall,mainHall,out,out
443,other,other,other,out
444,other,other,other,out
445,mainHall,mainHall,hallA,out
446,out,out,out,out
447,mainHall,out,out,out
448,mainHall,mainHall,hallA,out
449,mainHall,mainHall,mainHall,out
450,other,hallB,other,out
451,out,hallB,out,out
452,other,other,other,out
453,out,hallA,hallA,out
454,out,hallC,other,out
455,out,out,other,out
456,mainHall,mainHall,hallA,out
457,mainHall,mainHall,other,out
458,mainHall,hallB,out,out
459,mainHall,hallB,mainHall,out
460,other,hallC,other,out
461,other,hallB,other,out
462,exhibition,exhibition,exhibition,out
463,mainHall,hallB,mainHall,out
464,mainHall,hallB,mainHall,out
465,other,other,out,out
466,mainHall,mainHall,mainHall,out
467,other,other,out,out
468,mainHall,hallB,other,out
469,other,hallB,hallB,out
470,other,other,other,out
471,out,out,mainHall,out
472,mainHall,hallB,mainHall,out
473,out,hallC,hallC,out
474,out,hallC,other,out
475,mainHall,mainHall,mainHall,out
476,other,other,other,out
477,mainHall,mainHall,mainHall,out
478,other,other,out,out
479,mainHall,mainHall,hallA,out
480,other,hallB,mainHall,out
481,out,hallC,out,out
482,mainHall,mainHall,other,out
483,mainHall,hallB,mainHall,out
484,other,other,out,out
485,mainHall,mainHall,hallA,out
486,other,other,out,out
487,mainHall,mainHall,hallA,out
488,out,hallC,hallC,out
489,other,exhibition,out,out
490,mainHall,other,mainHall,out
491,mainHall,hallB,mainHall,out
492,mainHall,mainHall,hallA,out
493,mainHall,mainHall,hallA,out
494,mainHall,mainHall,hallA,out
495,mainHall,hallB,out,out
496,out,mainHall,mainHall,out
497,out,hallB,out,out
498,out,out,exhibition,out
499,mainHall,mainHall,other,out
500,other,other,out,out
501,other,other,other,out
502,other,other,other,out
503,out,out,exhibition,out
504,mainHall,mainHall,out,out
505,mainHall,other,out,out
506,mainHall,hallB,out,out
507,mainHall,hallB,mainHall,out
508,other,other,other,out
509,mainHall,mainHall,hallA,out
510,out,other,other,out
511,mainHall,other,mainHall,out
512,mainHall,mainHall,other,out
513,mainHall,mainHall,hallA,out
514,exhibition,exhibition,other,out
515,mainHall,mainHall,out,out
516,other,hallB,other,out
517,other,other,other,out
518,mainHall,mainHall,hallA,out
519,other,other,other,out
520,out,hallC,out,out
521,other,other,other,out
522,mainHall,mainHall,hallA,out
523,out,other,out,out
524,other,other,other,out
525,out,mainHall,mainHall,out
526,out,hallB,other,out
527,other,other,other,out
528,out,out,mainHall,out
529,other,other,other,out
530,mainHall,mainHall,mainHall,out
531,mainHall,mainHall,mainHall,out
532,out,out,mainHall,out
533,out,out,mainHall,out
534,other,other,other,out
535,mainHall,hallB,mainHall,out
536,out,hallA,hallA,out
537,mainHall,mainHall,mainHall,out
538,mainHall,out,out,out
539,other,hallC,out,out
540,out,hallC,other,out
541,mainHall,hallB,mainHall,out
542,mainHall,exhibition,out,out
543,mainHall,mainHall,hallA,out
544,exhibition,mainHall,other,out
545,mainHall,mainHall,out,out
546,mainHall,other,mainHall,out
547,mainHall,mainHall,out,out
548,other,other,out,out
549,mainHall,mainHall,hallA,out
550,mainHall,mainHall,hallA,out
551,mainHall,mainHall,hallA,out
552,mainHall,hallB,mainHall,out
553,mainHall,mainHall,hallA,out
554,other,other,other,out
555,other,hallA,other,out
556,mainHall,hallB,out,out
557,other,hallB,other,out
558,out,out,mainHall,out
559,exhibition,mainHall,other,out
560,mainHall,mainHall,mainHall,out
561,out,out,out,out
562,mainHall,other,mainHall,out
563,mainHall,hallB,mainHall,out
564,other,other,out,out
565,mainHall,mainHall,mainHall,out
566,out,hallC,other,out
567,out,other,other,out
568,out,hallB,out,out
569,mainHall,mainHall,hallA,out
570,exhibition,other,mainHall,out
571,other,hallB,other,out
572,mainHall,mainHall,hallA,out
573,mainHall,mainHall,mainHall,out
574,other,hallB,other,out
575,mainHall,mainHall,hallA,out
576,mainHall,mainHall,other,out
577,out,hallB,hallB,out
578,mainHall,mainHall,hallA,out
579,out,mainHall,mainHall,out
580,out,mainHall,mainHall,out
581,mainHall,mainHall,other,out
582,mainHall,mainHall,hallA,out
583,exhibition,exhibition,mainHall,out
584,out,hallC,hallC,out
585,mainHall,mainHall,mainHall,out
586,mainHall,mainHall,other,out
587,mainHall,hallB,mainHall,out
588,mainHall,mainHall,hallA,out
589,mainHall,mainHall,other,out
590,mainHall,hallB,mainHall,out
591,mainHall,mainHall,mainHall,out
592,mainHall,mainHall,other,out
593,mainHall,hallB,out,out
594,out,hallC,hallC,out
595,mainHall,out,out,out
596,exhibition,hallB,out,out
597,mainHall,mainHall,hallA,out
598,mainHall,mainHall,other,out
599,out,hallA,hallA,out
600,other,other,hallA,out
601,mainHall,mainHall,hallA,out
602,out,hallB,other,out
603,other,other,other,out
604,mainHall,mainHall,mainHall,out
605,other,other,other,out
606,other,other,out,out
607,mainHall,hallB,other,out
608,out,other,other,out
609,exhibition,hallC,other,out
610,other,other,out,out
611,mainHall,mainHall,hallA,out
612,mainHall,hallB,out,out
613,mainHall,hallB,mainHall,out
614,mainHall,mainHall,hallA,out
615,other,other,other,out
616,mainHall,hallB,mainHall,out
617,mainHall,mainHall,hallA,out
618,out,hallB,out,out
619,mainHall,mainHall,other,out
620,mainHall,hallB,mainHall,out
621,mainHall,mainHall,hallA,out
622,mainHall,mainHall,mainHall,out
623,mainHall,mainHall,mainHall,out
624,out,hallB,out,out
625,out,hallB,other,out
626,mainHall,mainHall,other,out
627,mainHall,mainHall,hallA,out
628,out,hallA,hallA,out
629,other,other,other,out
630,out,other,exhibition,out
631,out,hallB,out,out
632,mainHall,out,out,out
633,mainHall,mainHall,out,out
634,other,hallA,hallA,out
635,out,out,mainHall,out
636,mainHall,mainHall,mainHall,out
637,mainHall,mainHall,other,out
638,exhibition,hallB,other,out
639,mainHall,mainHall,hallA,out
640,mainHall,mainHall,hallA,out
641,mainHall,mainHall,out,out
642,mainHall,other,out,out
643,out,hallC,hallC,out
644,other,other,out,out
645,mainHall,mainHall,hallA,out
646,mainHall,mainHall,mainHall,out
647,mainHall,exhibition,other,out
648,other,hallC,out,out
649,out,hallC,other,out
650,out,other,other,out
651,other,other,out,out
652,mainHall,mainHall,mainHall,out
653,out,hallB,other,out
654,mainHall,mainHall,hallA,out
655,mainHall,mainHall,hallA,out
656,mainHall,mainHall,hallA,out
657,out,other,other,out
658,out,other,other,out
659,mainHall,mainHall,hallA,out
660,mainHall,hallB,mainHall,out
661,other,other,other,out
662,out,other,other,out
663,out,hallA,hallA,out
664,mainHall,mainHall,hallA,out
665,mainHall,mainHall,hallA,out
666,other,hallB,out,out
667,other,hallC,out,out
668,mainHall,mainHall,hallA,out
669,mainHall,mainHall,mainHall,out
670,mainHall,other,mainHall,out
671,other,other,other,out
672,other,hallB,other,out
673,out,hallB,mainHall,out
674,mainHall,mainHall,hallA,out
675,out,hallA,hallA,out
676,out,hallA,hallA,out
677,exhibition,hallC,hallC,out
678,out,hallB,hallB,out
679,mainHall,hallB,mainHall,out
680,other,hallB,other,out
681,out,out,mainHall,out
682,mainHall,mainHall,mainHall,out
683,out,other,other,out
684,other,other,other,out
685,other,other,other,out
686,mainHall,mainHall,hallA,out
687,out,hallB,out,out
688,mainHall,hallB,mainHall,out
689,mainHall,mainHall,mainHall,out
690,out,mainHall,mainHall,out
691,other,other,other,out
692,other,other,out,out
693,out,hallB,other,out
694,mainHall,mainHall,hallA,out
695,mainHall,mainHall,hallA,out
696,other,hallC,other,out
697,other,other,other,out
698,other,hallB,out,out
699,out,hallA,hallA,out
700,mainHall,hallB,mainHall,out
701,mainHall,other,mainHall,out
702,other,other,other,out
703,mainHall,mainHall,hallA,out
704,mainHall,mainHall,hallA,out
705,out,other,mainHall,out
706,mainHall,mainHall,hallA,out
707,mainHall,out,out,out
708,other,mainHall,mainHall,out
709,out,hallB,out,out
710,out,out,out,out
711,mainHall,mainHall,hallA,out
712,other,hallB,other,out
713,mainHall,mainHall,hallA,out
714,out,other,other,out
715,out,other,other,out
716,mainHall,mainHall,hallA,out
717,mainHall,mainHall,hallA,out
718,mainHall,mainHall,mainHall,out
719,other,hallB,other,out
720,mainHall,mainHall,hallA,out
721,mainHall,mainHall,other,out
722,mainHall,hallB,mainHall,out
723,mainHall,mainHall,hallA,out
724,other,hallB,out,out
725,mainHall,mainHall,other,out
726,exhibition,other,mainHall,out
727,out,hallB,other,out
728,out,other,other,out
729,other,other,other,out
730,mainHall,hallB,mainHall,out
731,mainHall,mainHall,mainHall,out
732,exhibition,other,mainHall,out
733,out,hallA,other,out
734,mainHall,mainHall,hallA,out
735,other,hallC,other,out
736,other,mainHall,mainHall,out
737,mainHall,mainHall,hallA,out
738,mainHall,mainHall,hallA,out
739,out,hallB,other,out
740,out,hallC,hallC,out
741,mainHall,hallB,mainHall,out
742,mainHall,mainHall,other,out
743,mainHall,mainHall,mainHall,out
744,mainHall,mainHall,hallA,out
745,out,hallC,hallC,out
746,mainHall,mainHall,hallA,out
747,out,hallB,other,out
748,exhibition,mainHall,out,out
749,mainHall,mainHall,other,out
750,mainHall,mainHall,hallA,out
751,out,hallC,out,out
752,mainHall,mainHall,mainHall,out
753,other,other,other,out
754,mainHall,hallB,mainHall,out
755,other,other,other,out
756,other,mainHall,out,out
757,mainHall,mainHall,hallA,out
758,mainHall,hallB,mainHall,out
759,mainHall,mainHall,mainHall,out
760,out,hallB,hallB,out
761,out,out,mainHall,out
762,other,other,other,out
763,out,other,other,out
764,mainHall,mainHall,hallA,out
765,other,other,other,out
766,other,other,other,out
767,mainHall,mainHall,other,out
768,mainHall,hallB,mainHall,out
769,other,hallC,other,out
770,exhibition,mainHall,mainHall,out
771,mainHall,mainHall,hallA,out
772,mainHall,hallB,mainHall,out
773,mainHall,other,mainHall,out
774,other,hallB,out,out
775,mainHall,mainHall,mainHall,out
776,mainHall,mainHall,hallA,out
777,other,other,other,out
778,mainHall,mainHall,mainHall,out
779,other,hallB,other,out
780,mainHall,mainHall,mainHall,out
781,other,other,other,out
782,mainHall,mainHall,hallA,out
783,out,out,mainHall,out
784,mainHall,hallB,mainHall,out
785,other,other,other,out
786,out,mainHall,mainHall,out
787,mainHall,mainHall,other,out
788,mainHall,other,mainHall,out
789,other,hallC,hallC,out
790,other,other,other,out
791,mainHall,mainHall,other,out
792,out,hallB,other,out
793,out,hallB,out,out
794,mainHall,hallB,out,out
795,exhibition,hallB,other,out
796,mainHall,mainHall,hallA,out
797,mainHall,mainHall,mainHall,out
798,mainHall,mainHall,other,out
799,out,mainHall,mainHall,out
800,mainHall,mainHall,hallA,out
801,other,other,out,out
802,mainHall,mainHall,hallA,out
803,out,out,mainHall,out
804,mainHall,mainHall,hallA,out
805,mainHall,other,mainHall,out
806,out,hallA,hallA,out
807,mainHall,mainHall,hallA,out
808,mainHall,mainHall,hallA,out
809,mainHall,mainHall,mainHall,out
810,out,hallB,other,out
811,out,mainHall,mainHall,out
812,mainHall,mainHall,other,out
813,mainHall,mainHall,hallA,out
814,mainHall,mainHall,other,out
815,out,mainHall,mainHall,out
816,other,hallB,hallB,out
817,mainHall,mainHall,hallA,out
818,mainHall,mainHall,hallA,out
819,mainHall,mainHall,hallA,out
820,mainHall,mainHall,mainHall,out
821,mainHall,mainHall,mainHall,out
822,mainHall,mainHall,out,out
823,other,other,other,out
824,mainHall,hallB,mainHall,out
825,mainHall,mainHall,other,out
826,other,hallB,other,out
827,mainHall,mainHall,out,out
828,exhibition,out,out,out
829,mainHall,mainHall,hallA,out
830,mainHall,hallB,mainHall,out
831,mainHall,mainHall,hallA,out
832,out,other,other,out
833,mainHall,out,out,out
834,mainHall,mainHall,other,out
835,other,hallA,out,out
836,out,hallC,other,out
837,mainHall,mainHall,other,out
838,mainHall,exhibition,mainHall,out
839,mainHall,mainHall,hallA,out
840,mainHall,mainHall,mainHall,out
841,mainHall,mainHall,hallA,out
842,other,other,other,other
843,mainHall,mainHall,mainHall,out
844,out,out,mainHall,out
845,mainHall,mainHall,hallA,out
846,out,hallB,other,out
847,out,hallB,hallB,out
848,mainHall,mainHall,hallA,out
849,mainHall,out,out,out
850,mainHall,hallB,mainHall,out
851,mainHall,out,out,out
852,out,hallA,hallA,out
853,out,out,other,out
854,mainHall,mainHall,mainHall,out
855,mainHall,mainHall,hallA,out
856,out,mainHall,mainHall,out
857,mainHall,other,mainHall,out
858,mainHall,mainHall,mainHall,out
859,mainHall,out,out,out
860,exhibition,hallB,other,out
861,other,other,out,out
862,mainHall,mainHall,hallA,out
863,mainHall,mainHall,mainHall,out
864,other,hallB,hallB,out
865,mainHall,hallB,other,out
866,mainHall,mainHall,mainHall,out
867,out,hallB,hallA,out
868,out,other,other,out
869,mainHall,mainHall,other,out
870,mainHall,other,other,out
871,other,other,other,out
872,other,other,other,out
873,out,out,out,out
874,mainHall,mainHall,hallA,out
875,mainHall,other,mainHall,out
876,mainHall,mainHall,hallA,out
877,mainHall,mainHall,hallA,out
878,other,hallB,out,out
879,mainHall,mainHall,other,out
880,mainHall,mainHall,hallA,out
881,out,hallB,other,out
882,mainHall,mainHall,hallA,out
883,out,hallB,hallA,out
884,mainHall,mainHall,mainHall,out
885,mainHall,mainHall,hallA,out
886,out,hallB,other,out
887,mainHall,mainHall,mainHall,out
888,mainHall,hallB,mainHall,out
889,mainHall,mainHall,hallA,out
890,out,hallC,out,out
891,mainHall,mainHall,mainHall,out
892,mainHall,mainHall,hallA,out
893,mainHall,mainHall,other,out
894,exhibition,mainHall,out,out
895,out,out,out,out
896,other,other,other,out
897,other,hallB,out,out
898,mainHall,mainHall,out,out
899,exhibition,other,mainHall,out
900,out,hallB,other,out
901,mainHall,hallB,mainHall,out
902,out,hallC,out,out
903,mainHall,other,mainHall,out
904,mainHall,out,out,out
905,mainHall,hallB,mainHall,out
906,other,other,other,out
907,other,other,out,out
908,mainHall,mainHall,other,out
909,out,hallB,out,out
910,exhibition,hallC,out,out
911,out,hallB,other,out
912,other,other,out,out
913,mainHall,mainHall,hallA,out
914,other,hallB,hallB,out
915,other,other,other,out
916,mainHall,mainHall,mainHall,out
917,other,hallB,out,out
918,out,hallC,other,out
919,mainHall,mainHall,hallA,out
920,mainHall,mainHall,hallA,out
921,mainHall,mainHall,other,out
922,mainHall,out,out,out
923,other,other,other,out
924,mainHall,hallB,mainHall,out
925,mainHall,hallB,mainHall,out
926,mainHall,mainHall,mainHall,out
927,other,hallB,out,out
928,mainHall,mainHall,other,out
929,mainHall,hallB,other,out
930,other,hallB,out,out
931,other,other,other,out
932,mainHall,other,mainHall,out
933,mainHall,mainHall,hallA,out
934,mainHall,hallB,mainHall,out
935,mainHall,mainHall,mainHall,out
936,mainHall,mainHall,hallA,out
937,mainHall,mainHall,hallA,out
938,mainHall,other,mainHall,out
939,mainHall,hallB,mainHall,out
940,mainHall,hallB,out,out
941,other,other,other,out
942,out,exhibition,out,out
943,out,hallB,other,out
944,exhibition,hallC,hallC,out
945,other,other,other,out
946,other,other,other,out
947,out,hallC,out,out
948,other,other,other,out
949,out,other,hallA,out
950,mainHall,other,mainHall,out
951,mainHall,mainHall,other,out
952,other,other,other,out
953,mainHall,mainHall,hallA,out
954,mainHall,mainHall,mainHall,out
955,other,other,out,out
956,exhibition,hallB,out,out
957,exhibition,out,out,out
958,mainHall,hallB,mainHall,out
959,mainHall,mainHall,out,out
960,mainHall,hallB,mainHall,out
961,other,hallB,hallB,out
962,out,hallB,out,out
963,other,other,other,out
964,other,other,other,out
965,exhibition,mainHall,other,out
966,mainHall,mainHall,hallA,out
967,other,other,out,out
968,mainHall,mainHall,other,out
969,mainHall,mainHall,out,out
970,out,hallB,other,out
971,other,other,other,out
972,mainHall,mainHall,hallA,out
973,mainHall,mainHall,mainHall,out
974,other,other,out,out
975,other,other,other,out
976,mainHall,mainHall,other,out
977,out,out,other,out
978,exhibition,hallB,other,out
979,other,out,out,out
980,mainHall,mainHall,mainHall,out
981,other,hallB,out,out
982,other,hallB,mainHall,out
983,mainHall,hallB,out,out
984,mainHall,mainHall,hallA,out
985,out,exhibition,exhibition,out
986,mainHall,mainHall,hallA,out
987,out,hallA,other,out
988,other,other,other,out
989,mainHall,mainHall,out,out
990,mainHall,mainHall,hallA,out
991,other,other,other,out
992,mainHall,hallB,mainHall,out
993,mainHall,mainHall,hallA,out
994,exhibition,other,out,out
995,out,hallB,other,out
996,exhibition,out,out,out
997,exhibition,hallC,hallC,out
998,mainHall,mainHall,out,out
999,mainHall,hallB,mainHall,out
1000,mainHall,mainHall,other,out
1001,out,out,out,out
1002,other,other,other,out
1003,mainHall,other,other,out
1004,mainHall,mainHall,mainHall,out
1005,out,other,out,out
1006,mainHall,mainHall,other,out
1007,mainHall,hallB,mainHall,out
1008,mainHall,hallB,mainHall,out
1009,mainHall,mainHall,hallA,out
1010,mainHall,mainHall,hallA,out
1011,mainHall,hallB,mainHall,out
1012,other,other,other,out
1013,mainHall,mainHall,hallA,out
1014,out,mainHall,mainHall,out
1015,exhibition,hallB,hallB,out
1016,mainHall,mainHall,other,out
1017,out,mainHall,exhibition,out
1018,exhibition,exhibition,other,out
1019,out,hallA,hallA,out
1020,mainHall,other,mainHall,out
1021,mainHall,mainHall,mainHall,out
1022,other,hallA,hallA,out
1023,mainHall,hallB,mainHall,out
1024,mainHall,mainHall,other,out
1025,out,other,out,out
1026,mainHall,mainHall,hallA,out
1027,mainHall,mainHall,hallA,out
1028,mainHall,out,out,out
1029,mainHall,mainHall,mainHall,out
1030,out,hallB,other,out
1031,mainHall,mainHall,mainHall,out
1032,exhibition,mainHall,out,out
1033,mainHall,mainHall,hallA,out
1034,out,out,exhibition,out
1035,mainHall,hallB,mainHall,out
1036,other,hallA,hallA,out
1037,other,hallC,hallC,out
1038,mainHall,hallB,mainHall,out
1039,mainHall,mainHall,hallA,out
1040,mainHall,mainHall,mainHall,out
1041,other,mainHall,mainHall,out
1042,mainHall,exhibition,out,out
1043,mainHall,mainHall,mainHall,out
1044,mainHall,mainHall,out,out
1045,mainHall,mainHall,out,out
1046,mainHall,hallB,mainHall,out
1047,mainHall,mainHall,mainHall,out
1048,mainHall,hallB,other,out
1049,exhibition,hallB,out,out
1050,exhibition,other,mainHall,out
1051,out,out,other,out
1052,mainHall,mainHall,mainHall,out
1053,out,hallB,other,out
1054,mainHall,hallB,mainHall,out
1055,out,hallB,mainHall,out
1056,out,hallA,hallA,out
1057,other,hallB,out,out
1058,exhibition,mainHall,out,out
1059,out,other,other,out
1060,mainHall,other,mainHall,out
1061,out,out,mainHall,out
1062,out,out,other,out
1063,other,other,out,out
1064,out,mainHall,mainHall,out
1065,out,other,mainHall,out
1066,mainHall,mainHall,out,out
1067,mainHall,other,mainHall,out
1068,exhibition,mainHall,other,out
1069,mainHall,mainHall,hallA,out
1070,mainHall,out,out,out
1071,out,other,other,out
1072,other,other,out,out
1073,out,hallB,other,out
1074,other,other,out,out
1075,mainHall,other,mainHall,out
1076,out,hallB,other,out
1077,mainHall,hallB,mainHall,out
1078,other,hallB,other,out
1079,out,hallB,other,out
1080,mainHall,mainHall,mainHall,out
1081,other,hallB,hallA,out
1082,mainHall,mainHall,hallA,out
1083,other,hallB,out,out
1084,mainHall,mainHall,hallA,out
1085,mainHall,hallB,mainHall,out
1086,mainHall,hallB,mainHall,out
1087,mainHall,mainHall,other,out
1088,other,hallB,other,out
1089,mainHall,mainHall,mainHall,out
1090,other,hallB,other,out
1091,other,other,out,out
1092,exhibition,out,out,out
1093,other,other,other,out
1094,out,other,out,out
1095,mainHall,out,out,out
1096,out,hallA,other,out
1097,other,other,other,out
1098,mainHall,hallB,out,out
1099,other,other,other,out
1100,mainHall,mainHall,hallA,out
1101,out,other,mainHall,out
1102,out,hallC,hallC,out
1103,out,hallB,out,out
1104,mainHall,mainHall,hallA,out
1105,mainHall,mainHall,hallA,out
1106,mainHall,mainHall,hallA,out
1107,mainHall,mainHall,mainHall,out
1108,mainHall,mainHall,hallA,out
1109,mainHall,mainHall,hallA,out
1110,out,out,mainHall,out
1111,out,out,other,out
1112,exhibition,mainHall,other,out
1113,mainHall,mainHall,hallA,out
1114,mainHall,mainHall,hallA,out
1115,mainHall,mainHall,hallA,out
1116,out,mainHall,mainHall,out
1117,other,hallB,other,out
1118,other,hallA,hallA,out
1119,mainHall,mainHall,hallA,out
1120,other,hallB,out,out
1121,mainHall,mainHall,hallA,out
1122,other,hallA,other,out
1123,other,other,exhibition,out
1124,other,other,other,out
1125,other,hallA,hallA,out
1126,other,mainHall,out,out
1127,mainHall,mainHall,mainHall,out
1128,mainHall,mainHall,hallA,out
1129,mainHall,mainHall,other,out
1130,mainHall,mainHall,out,out
1131,other,hallB,out,out
1132,mainHall,hallB,mainHall,out
1133,exhibition,exhibition,other,out
1134,other,hallB,other,out
1135,other,other,other,out
1136,other,exhibition,exhibition,out
1137,mainHall,other,mainHall,out
1138,mainHall,out,out,out
1139,out,hallB,other,out
1140,out,hallC,out,out
1141,other,hallB,out,out
1142,other,hallB,hallB,out
1143,mainHall,mainHall,mainHall,out
1144,other,mainHall,mainHall,out
1145,mainHall,mainHall,hallA,out
1146,mainHall,mainHall,hallA,out
1147,out,mainHall,mainHall,out
1148,other,other,other,out
1149,mainHall,mainHall,hallA,out
1150,mainHall,out,out,out
1151,mainHall,mainHall,hallA,out
1152,mainHall,mainHall,hallA,out
1153,mainHall,mainHall,hallA,out
1154,out,hallC,out,out
1155,mainHall,mainHall,other,out
1156,mainHall,mainHall,hallA,out
1157,mainHall,exhibition,mainHall,out
1158,exhibition,out,out,out
1159,exhibition,mainHall,other,out
1160,out,out,other,out
1161,other,other,other,out
1162,other,hallA,other,out
1163,other,other,out,out
1164,mainHall,mainHall,hallA,out
1165,out,out,mainHall,out
1166,mainHall,mainHall,hallA,out
1167,mainHall,mainHall,hallA,out
1168,mainHall,mainHall,hallA,out
1169,mainHall,mainHall,hallA,out
1170,other,other,other,out
1171,out,out,other,out
1172,mainHall,mainHall,hallA,out
1173,mainHall,mainHall,other,out
1174,mainHall,mainHall,other,out
1175,out,hallB,other,out
1176,mainHall,mainHall,hallA,out
1177,mainHall,mainHall,other,out
1178,mainHall,mainHall,mainHall,out
1179,mainHall,mainHall,mainHall,out
1180,mainHall,mainHall,out,out
1181,other,hallB,out,out
1182,mainHall,mainHall,hallA,out
1183,mainHall,mainHall,hallA,out
1184,other,hallB,out,out
1185,out,other,other,out
1186,out,out,mainHall,out
1187,out,hallB,hallB,out
1188,other,hallB,hallB,out
1189,mainHall,mainHall,hallA,out
1190,other,hallB,out,out
1191,mainHall,mainHall,mainHall,out
1192,mainHall,mainHall,hallA,out
1193,other,other,out,out
1194,out,other,other,out
1195,other,hallC,hallC,out
1196,mainHall,mainHall,hallA,out
1197,mainHall,mainHall,mainHall,out
1198,mainHall,mainHall,hallA,out
1199,out,hallB,out,out
1200,mainHall,hallB,out,out
1201,mainHall,hallB,mainHall,out
1202,mainHall,mainHall,hallA,out
1203,mainHall,mainHall,mainHall,out
1204,mainHall,hallB,mainHall,out
1205,mainHall,mainHall,mainHall,out
1206,mainHall,mainHall,hallA,out
1207,other,hallB,other,out
1208,out,hallB,other,out
1209,mainHall,mainHall,hallA,out
1210,mainHall,mainHall,hallA,out
1211,mainHall,other,mainHall,out
1212,out,hallC,out,out
1213,out,out,mainHall,out
1214,mainHall,mainHall,hallA,out
1215,mainHall,hallB,other,out
1216,other,other,hallA,out
1217,out,hallC,hallC,out
1218,mainHall,mainHall,hallA,out
1219,mainHall,mainHall,other,out
1220,mainHall,hallB,out,out
1221,mainHall,mainHall,mainHall,out
1222,mainHall,hallB,mainHall,out
1223,out,out,mainHall,out
1224,other,other,out,out
1225,exhibition,hallB,other,out
1226,mainHall,mainHall,hallA,out
1227,out,out,mainHall,out
1228,mainHall,hallB,mainHall,out
1229,out,exhibition,other,out
1230,mainHall,hallB,mainHall,out
1231,out,hallB,other,out
1232,other,other,out,out
1233,mainHall,mainHall,other,out
1234,mainHall,mainHall,hallA,out
1235,out,hallC,hallC,out
1236,other,other,out,out
1237,mainHall,mainHall,hallA,out
1238,mainHall,mainHall,hallA,out
1239,out,hallA,hallA,out
1240,out,hallB,other,out
1241,mainHall,mainHall,other,out
1242,out,hallA,other,out
1243,out,hallB,hallB,out
1244,other,other,out,out
1245,mainHall,hallB,other,out
1246,out,hallC,out,out
1247,out,hallB,hallB,out
1248,out,hallB,hallB,out
1249,exhibition,out,out,out
1250,other,hallB,out,out
1251,out,hallB,out,out
1252,out,hallB,out,out
1253,mainHall,mainHall,mainHall,out
1254,out,out,other,out
1255,mainHall,hallB,mainHall,out
1256,mainHall,out,out,out
1257,other,hallB,other,out
1258,mainHall,mainHall,mainHall,out
1259,out,other,mainHall,out
1260,mainHall,other,other,out
1261,mainHall,hallB,mainHall,out
1262,out,hallA,hallA,out
1263,out,hallB,other,out
1264,mainHall,mainHall,hallA,out
1265,mainHall,other,out,out
1266,mainHall,mainHall,hallA,out
1267,mainHall,mainHall,other,out
1268,out,hallB,other,out
1269,mainHall,mainHall,hallA,out
1270,other,hallB,other,out
1271,mainHall,hallB,other,out
1272,mainHall,mainHall,mainHall,out
1273,out,other,other,out
1274,mainHall,mainHall,other,out
1275,out,hallB,other,out
1276,mainHall,other,mainHall,out
1277,exhibition,other,out,out
1278,mainHall,mainHall,hallA,out
1279,mainHall,mainHall,hallA,out
1280,mainHall,other,mainHall,out
1281,out,out,other,out
1282,mainHall,hallB,mainHall,out
1283,mainHall,mainHall,hallA,out
1284,other,hallC,other,out
1285,mainHall,mainHall,mainHall,out
1286,out,out,out,out
1287,mainHall,mainHall,mainHall,out
1288,mainHall,out,out,out
1289,other,hallB,out,out
1290,out,out,mainHall,out
1291,out,hallA,hallA,out
1292,out,hallB,out,out
1293,mainHall,mainHall,hallA,out
1294,mainHall,mainHall,hallA,out
1295,other,other,other,out
1296,out,hallC,other,out
1297,mainHall,mainHall,mainHall,out
1298,mainHall,mainHall,mainHall,out
1299,mainHall,mainHall,hallA,out
1300,out,hallA,other,out
1301,mainHall,mainHall,hallA,out
1302,mainHall,mainHall,mainHall,out
1303,mainHall,hallB,mainHall,out
1304,exhibition,mainHall,mainHall,out
1305,other,other,out,out
1306,other,exhibition,out,out
1307,mainHall,mainHall,out,out
1308,out,hallB,hallB,out
1309,other,hallC,out,out
1310,mainHall,mainHall,hallA,out
1311,mainHall,mainHall,hallA,out
1312,mainHall,mainHall,mainHall,out
1313,out,out,out,out
1314,mainHall,mainHall,hallA,out
1315,out,hallA,hallA,out
1316,mainHall,mainHall,hallA,out
1317,out,hallB,other,out
1318,mainHall,mainHall,hallA,out
1319,mainHall,other,mainHall,out
1320,other,other,out,out
1321,out,hallB,out,out
1322,out,out,mainHall,out
1323,mainHall,mainHall,hallA,out
1324,mainHall,mainHall,other,out
1325,out,out,mainHall,out
1326,mainHall,mainHall,out,out
1327,mainHall,mainHall,other,out
1328,mainHall,other,mainHall,out
1329,out,hallC,other,out
1330,out,hallC,hallC,out
1331,mainHall,mainHall,other,out
1332,mainHall,mainHall,other,out
1333,out,hallB,other,out
1334,mainHall,mainHall,hallA,out
1335,out,hallC,other,out
1336,mainHall,mainHall,other,out
1337,mainHall,mainHall,hallA,out
1338,mainHall,mainHall,other,out
1339,mainHall,mainHall,mainHall,out
1340,out,mainHall,mainHall,out
1341,mainHall,mainHall,hallA,out
1342,exhibition,out,out,out
1343,mainHall,mainHall,hallA,out
1344,other,hallC,hallC,out
1345,other,other,other,out
1346,mainHall,mainHall,hallA,out
1347,other,other,other,out
1348,mainHall,mainHall,hallA,out
1349,mainHall,mainHall,hallA,out
1350,mainHall,mainHall,mainHall,out
1351,mainHall,mainHall,other,out
1352,mainHall,mainHall,hallA,out
1353,mainHall,hallB,mainHall,out
1354,out,other,other,out
1355,mainHall,mainHall,hallA,out
1356,other,hallC,out,out
1357,other,other,mainHall,out
1358,other,hallB,hallB,out
1359,mainHall,mainHall,mainHall,out
1360,mainHall,other,mainHall,out
1361,mainHall,mainHall,hallA,out
1362,other,hallA,hallA,out
1363,other,other,other,out
1364,mainHall,mainHall,hallA,out
1365,mainHall,other,mainHall,out
1366,out,hallA,hallA,out
1367,mainHall,hallB,mainHall,out
1368,mainHall,mainHall,other,out
1369,other,other,other,other
1370,mainHall,mainHall,other,out
1371,mainHall,mainHall,mainHall,out
1372,mainHall,mainHall,out,out
1373,mainHall,mainHall,mainHall,out
1374,mainHall,out,out,out
1375,out,hallB,other,out
1376,mainHall,mainHall,hallA,out
1377,other,hallB,hallB,out
1378,mainHall,hallB,out,out
1379,out,out,other,out
1380,exhibition,hallB,out,out
1381,exhibition,mainHall,mainHall,out
1382,out,hallB,other,out
1383,out,out,other,out
1384,out,hallB,out,out
1385,other,hallA,hallA,out
1386,mainHall,mainHall,mainHall,out
1387,mainHall,mainHall,hallA,out
1388,mainHall,mainHall,hallA,out
1389,mainHall,hallB,mainHall,out
1390,mainHall,mainHall,hallA,out
1391,mainHall,mainHall,other,out
1392,exhibition,hallC,other,out
1393,out,hallC,other,out
1394,other,other,out,out
1395,mainHall,mainHall,hallA,out
1396,out,out,out,out
1397,mainHall,mainHall,other,out
1398,mainHall,hallB,mainHall,out
1399,other,other,other,out
1400,mainHall,other,mainHall,out
1401,exhibition,hallC,other,out
1402,out,mainHall,mainHall,out
1403,mainHall,mainHall,hallA,out
1404,out,hallB,hallA,out
1405,mainHall,mainHall,other,out
1406,other,other,other,out
1407,mainHall,hallB,mainHall,out
1408,other,other,out,out
1409,exhibition,other,mainHall,out
1410,out,out,mainHall,out
1411,other,other,other,other
1412,out,mainHall,mainHall,out
1413,out,out,exhibition,out
1414,other,other,other,out
1415,mainHall,hallB,mainHall,out
1416,mainHall,hallB,out,out
1417,mainHall,mainHall,hallA,out
1418,mainHall,other,mainHall,out
1419,exhibition,hallC,hallC,out
1420,out,hallC,other,out
1421,exhibition,hallB,other,out
1422,mainHall,mainHall,other,out
1423,mainHall,mainHall,hallA,out
1424,mainHall,mainHall,other,out
1425,other,other,other,out
1426,mainHall,mainHall,hallA,out
1427,out,out,other,out
1428,out,out,out,out
1429,mainHall,hallB,mainHall,out
1430,mainHall,mainHall,hallA,out
1431,mainHall,mainHall,hallA,out
1432,out,out,out,out
1433,out,mainHall,other,out
1434,mainHall,mainHall,hallA,out
1435,out,other,other,out
1436,other,other,other,out
1437,mainHall,mainHall,other,out
1438,mainHall,hallB,mainHall,out
1439,other,hallB,out,out
1440,mainHall,out,out,out
1441,mainHall,out,out,out
1442,other,hallB,other,out
1443,mainHall,mainHall,hallA,out
1444,mainHall,mainHall,hallA,out
1445,mainHall,other,out,out
1446,out,other,other,out
1447,out,hallB,out,out
1448,mainHall,mainHall,hallA,out
1449,out,hallC,other,out
1450,mainHall,hallB,mainHall,out
1451,other,other,other,out
1452,other,hallB,out,out
1453,mainHall,mainHall,mainHall,out
1454,mainHall,mainHall,hallA,out
1455,mainHall,mainHall,hallA,out
1456,out,hallB,out,out
1457,mainHall,other,mainHall,out
1458,mainHall,mainHall,hallA,out
1459,other,other,out,out
1460,out,hallB,other,out
1461,mainHall,mainHall,mainHall,out
1462,exhibition,other,mainHall,out
1463,mainHall,hallB,out,out
1464,out,other,out,out
1465,mainHall,hallB,mainHall,out
1466,mainHall,other,mainHall,out
1467,mainHall,out,out,out
1468,mainHall,mainHall,other,out
1469,other,hallB,hallA,out
1470,other,hallC,out,out
1471,mainHall,mainHall,other,out
1472,mainHall,hallB,mainHall,out
1473,mainHall,mainHall,mainHall,out
1474,mainHall,mainHall,hallA,out
1475,mainHall,hallB,mainHall,out
1476,out,hallB,other,out
1477,other,hallC,hallC,out
1478,other,hallB,other,out
1479,out,hallB,other,out
1480,mainHall,mainHall,hallA,out
1481,mainHall,mainHall,mainHall,out
1482,mainHall,mainHall,out,out
1483,exhibition,exhibition,exhibition,out
1484,mainHall,hallB,mainHall,out
1485,mainHall,mainHall,mainHall,out
1486,mainHall,mainHall,hallA,out
1487,out,hallA,other,out
1488,mainHall,hallB,mainHall,out
1489,mainHall,other,other,out
1490,mainHall,mainHall,hallA,out
1491,mainHall,mainHall,mainHall,out
1492,out,mainHall,mainHall,out
1493,other,hallB,hallB,out
1494,out,hallC,hallC,out
1495,exhibition,out,out,out
1496,mainHall,mainHall,out,out
1497,out,other,other,out
1498,mainHall,mainHall,mainHall,out
1499,out,out,mainHall,out
1500,out,hallA,other,out
1501,mainHall,other,mainHall,out
1502,mainHall,mainHall,mainHall,out
1503,other,hallC,other,out
1504,out,mainHall,mainHall,out
1505,out,hallA,hallA,out
1506,mainHall,other,mainHall,out
1507,exhibition,other,other,out
1508,out,hallB,other,out
1509,other,hallB,out,out
1510,mainHall,mainHall,mainHall,out
1511,mainHall,mainHall,hallA,out
1512,other,hallA,hallA,out
1513,mainHall,out,out,out
1514,other,hallC,hallC,out
1515,mainHall,hallB,out,out
1516,exhibition,out,out,out
1517,out,hallB,other,out
1518,other,other,other,out
1519,mainHall,hallB,mainHall,out
1520,mainHall,hallB,out,out
1521,mainHall,out,out,out
1522,mainHall,hallB,mainHall,out
1523,other,other,other,out
1524,other,hallB,other,out
1525,mainHall,hallB,mainHall,out
1526,mainHall,mainHall,hallA,out
1527,mainHall,mainHall,hallA,out
1528,other,hallB,other,out
1529,other,hallC,hallC,out
1530,other,other,other,out
1531,mainHall,hallB,mainHall,out
1532,out,out,out,out
1533,mainHall,mainHall,hallA,out
1534,mainHall,mainHall,hallA,out
1535,mainHall,other,mainHall,out
1536,mainHall,mainHall,mainHall,out
1537,out,other,other,out
1538,out,hallB,other,out
1539,mainHall,out,out,out
1540,mainHall,mainHall,other,out
1541,other,other,out,out
1542,other,hallB,out,out
1543,mainHall,mainHall,other,out
1544,other,out,out,out
1545,out,out,other,out
1546,mainHall,mainHall,mainHall,out
1547,mainHall,other,mainHall,out
1548,mainHall,mainHall,mainHall,out
1549,mainHall,mainHall,mainHall,out
1550,out,other,out,out
1551,out,hallB,mainHall,out
1552,out,hallB,out,out
1553,out,hallA,hallA,out
1554,mainHall,mainHall,mainHall,out
1555,mainHall,hallB,mainHall,out
1556,mainHall,mainHall,mainHall,out
1557,mainHall,mainHall,hallA,out
1558,out,out,other,out
1559,mainHall,mainHall,hallA,out
1560,out,hallC,hallC,out
1561,mainHall,mainHall,hallA,out
1562,mainHall,hallB,other,out
1563,mainHall,mainHall,mainHall,out
1564,other,hallB,other,out
1565,exhibition,mainHall,other,out
1566,out,hallB,other,out
1567,mainHall,mainHall,hallA,out
1568,out,hallC,out,out
1569,other,other,out,out
1570,other,hallB,hallB,out
1571,other,hallB,hallB,out
1572,mainHall,mainHall,hallA,out
1573,other,other,mainHall,out
1574,mainHall,mainHall,mainHall,out
1575,out,out,mainHall,out
1576,mainHall,mainHall,hallA,out
1577,mainHall,mainHall,exhibition,out
1578,other,hallB,other,out
1579,mainHall,mainHall,other,out
1580,out,other,other,out
1581,mainHall,mainHall,hallA,out
1582,other,out,out,out
1583,out,out,mainHall,out
1584,mainHall,mainHall,mainHall,out
1585,mainHall,mainHall,hallA,out
1586,mainHall,mainHall,hallA,out
1587,mainHall,hallB,other,out
1588,other,out,out,out
1589,other,other,other,out
1590,mainHall,exhibition,exhibition,out
1591,mainHall,mainHall,hallA,out
1592,exhibition,other,other,out
1593,other,hallB,other,out
1594,mainHall,mainHall,mainHall,out
1595,out,out,other,out
1596,mainHall,mainHall,exhibition,out
1597,mainHall,mainHall,hallA,out
1598,other,hallB,hallB,out
1599,mainHall,mainHall,hallA,out
1600,mainHall,other,mainHall,out
1601,out,hallB,mainHall,out
1602,other,other,other,out
1603,mainHall,mainHall,mainHall,out
1604,other,hallB,other,out
1605,mainHall,mainHall,mainHall,out
1606,mainHall,other,mainHall,out
1607,mainHall,mainHall,out,out
1608,exhibition,exhibition,out,out
1609,mainHall,hallB,mainHall,out
1610,out,out,out,out
1611,mainHall,mainHall,hallA,out
1612,mainHall,mainHall,other,out
1613,out,out,exhibition,out
1614,out,hallB,out,out
1615,mainHall,mainHall,hallA,out
1616,mainHall,mainHall,hallA,out
1617,mainHall,mainHall,mainHall,out
1618,mainHall,hallB,mainHall,out
1619,out,hallB,out,out
1620,mainHall,hallB,mainHall,out
1621,mainHall,mainHall,other,out
1622,other,hallB,out,out
1623,mainHall,mainHall,mainHall,out
1624,mainHall,mainHall,other,out
1625,other,hallA,hallA,out
1626,out,mainHall,mainHall,out
1627,mainHall,mainHall,hallA,out
1628,mainHall,mainHall,mainHall,out
1629,mainHall,exhibition,other,out
1630,other,other,other,out
1631,mainHall,hallB,mainHall,out
1632,mainHall,mainHall,mainHall,out
1633,other,hallC,out,out
1634,mainHall,mainHall,other,out
1635,mainHall,other,mainHall,out
1636,out,hallA,other,out
1637,exhibition,hallB,other,out
1638,mainHall,hallB,mainHall,out
1639,other,hallB,out,out
1640,other,mainHall,mainHall,out
1641,mainHall,hallB,out,out
1642,other,hallB,other,out
1643,out,hallB,hallB,out
1644,mainHall,mainHall,hallA,out
1645,other,other,other,out
1646,mainHall,hallB,out,out
1647,out,out,mainHall,out
1648,mainHall,mainHall,hallA,out
1649,other,hallB,out,out
1650,other,other,out,out
1651,mainHall,hallB,mainHall,out
1652,mainHall,mainHall,other,out
1653,mainHall,hallB,mainHall,out
1654,other,out,out,out
1655,mainHall,mainHall,other,out
1656,mainHall,mainHall,hallA,out
1657,out,mainHall,exhibition,out
1658,mainHall,mainHall,out,out
1659,out,hallB,out,out
1660,mainHall,mainHall,mainHall,out
1661,out,hallB,other,out
1662,mainHall,mainHall,hallA,out
1663,out,out,other,out
1664,mainHall,hallB,out,out
1665,out,hallB,out,out
1666,mainHall,mainHall,mainHall,out
1667,mainHall,hallB,mainHall,out
1668,mainHall,mainHall,hallA,out
1669,mainHall,mainHall,other,out
1670,other,other,other,out
1671,out,other,other,out
1672,other,other,other,out
1673,other,other,other,other
1674,mainHall,other,mainHall,out
1675,mainHall,mainHall,mainHall,out
1676,out,other,other,out
1677,mainHall,mainHall,hallA,out
1678,other,hallC,out,out
1679,mainHall,mainHall,mainHall,out
1680,other,hallB,out,out
1681,out,hallA,hallA,out
1682,mainHall,mainHall,out,out
1683,other,other,other,out
1684,mainHall,mainHall,mainHall,out
1685,mainHall,other,mainHall,out
1686,mainHall,mainHall,hallA,out
1687,mainHall,mainHall,hallA,out
1688,mainHall,out,out,out
1689,mainHall,mainHall,hallA,out
1690,mainHall,mainHall,hallA,out
1691,mainHall,mainHall,hallA,out
1692,mainHall,mainHall,other,out
1693,mainHall,hallB,mainHall,out
1694,mainHall,other,mainHall,out
1695,mainHall,hallB,other,out
1696,other,hallB,other,out
1697,exhibition,hallB,other,out
1698,mainHall,hallB,mainHall,out
1699,mainHall,mainHall,hallA,out
1700,mainHall,mainHall,mainHall,out
1701,mainHall,mainHall,hallA,out
1702,mainHall,hallB,mainHall,out
1703,other,other,other,out
1704,out,mainHall,mainHall,out
1705,mainHall,mainHall,other,out
1706,mainHall,mainHall,hallA,out
1707,out,hallB,other,out
1708,mainHall,hallB,mainHall,out
1709,mainHall,mainHall,hallA,out
1710,mainHall,mainHall,out,out
1711,other,other,exhibition,out
1712,other,hallA,other,out
1713,mainHall,mainHall,mainHall,out
1714,other,other,other,out
1715,other,other,other,out
1716,mainHall,hallB,mainHall,out
1717,mainHall,mainHall,hallA,out
1718,other,hallB,hallB,out
1719,mainHall,mainHall,other,out
1720,out,out,other,out
1721,mainHall,mainHall,other,out
1722,mainHall,mainHall,hallA,out
1723,mainHall,out,out,out
1724,out,hallC,hallA,out
1725,out,hallB,other,out
1726,other,hallA,hallA,out
1727,mainHall,other,mainHall,out
1728,out,other,other,out
1729,other,hallB,hallA,out
1730,mainHall,mainHall,mainHall,out
1731,out,hallC,other,out
1732,out,hallB,hallA,out
1733,mainHall,mainHall,hallA,out
1734,mainHall,mainHall,hallA,out
1735,mainHall,mainHall,mainHall,out
1736,mainHall,hallB,mainHall,out
1737,mainHall,mainHall,hallA,out
1738,mainHall,hallB,other,out
1739,mainHall,hallB,out,out
1740,other,out,out,out
1741,other,hallC,hallC,out
1742,mainHall,mainHall,hallA,out
1743,mainHall,mainHall,other,out
1744,exhibition,out,out,out
1745,mainHall,mainHall,mainHall,out
1746,out,hallC,other,out
1747,other,other,other,out
1748,mainHall,mainHall,other,out
1749,mainHall,hallB,out,out
1750,out,hallB,other,out
1751,exhibition,out,out,out
1752,mainHall,hallB,other,out
1753,other,other,other,out
1754,out,hallB,other,out
1755,out,hallB,hallB,out
1756,mainHall,mainHall,hallA,out
1757,mainHall,mainHall,hallA,out
1758,mainHall,other,mainHall,out
1759,out,hallA,out,out
1760,out,other,other,out
1761,mainHall,mainHall,hallA,out
1762,mainHall,mainHall,other,out
1763,mainHall,mainHall,hallA,out
1764,mainHall,mainHall,out,out
1765,mainHall,mainHall,hallA,out
1766,other,hallB,other,out
1767,out,hallC,other,out
1768,mainHall,other,mainHall,out
1769,other,other,other,out
1770,other,hallB,other,out
1771,other,other,out,out
1772,out,hallB,hallB,out
1773,mainHall,hallB,mainHall,out
1774,mainHall,mainHall,hallA,out
1775,mainHall,other,mainHall,out
1776,other,hallB,out,out
1777,mainHall,mainHall,hallA,out
1778,mainHall,mainHall,mainHall,out
1779,mainHall,mainHall,mainHall,out
1780,other,other,out,out
1781,mainHall,hallB,mainHall,out
1782,out,hallB,out,out
1783,mainHall,mainHall,other,out
1784,mainHall,mainHall,hallA,out
1785,mainHall,mainHall,other,out
1786,mainHall,hallB,mainHall,out
1787,mainHall,mainHall,hallA,out
1788,other,other,other,out
1789,mainHall,mainHall,mainHall,out
1790,mainHall,mainHall,other,out
1791,other,other,other,out
1792,other,other,other,other
1793,mainHall,hallB,mainHall,out
1794,mainHall,mainHall,hallA,out
1795,other,hallA,other,out
1796,out,hallA,hallA,out
1797,out,out,out,out
1798,out,hallC,other,out
1799,out,other,other,out
1800,exhibition,hallB,out,out
1801,mainHall,mainHall,other,out
1802,mainHall,mainHall,hallA,out
1803,out,hallB,other,out
1804,other,other,other,out
1805,out,hallA,hallA,out
1806,mainHall,mainHall,hallA,out
1807,out,other,hallA,out
1808,other,mainHall,mainHall,out
1809,exhibition,exhibition,mainHall,out
1810,other,hallB,out,out
1811,mainHall,mainHall,mainHall,out
1812,out,hallB,other,out
1813,other,other,other,out
1814,out,hallC,other,out
1815,mainHall,mainHall,out,out
1816,out,hallB,hallB,out
1817,mainHall,mainHall,hallA,out
1818,out,mainHall,exhibition,out
1819,other,other,out,out
1820,mainHall,hallB,mainHall,out
1821,mainHall,exhibition,out,out
1822,other,hallB,other,out
1823,exhibition,hallB,out,out
1824,mainHall,hallB,mainHall,out
1825,mainHall,mainHall,other,out
1826,exhibition,mainHall,out,out
1827,mainHall,mainHall,mainHall,out
1828,mainHall,hallB,mainHall,out
1829,mainHall,mainHall,mainHall,out
1830,mainHall,mainHall,other,out
1831,mainHall,mainHall,hallA,out
1832,out,other,other,out
1833,mainHall,hallB,mainHall,out
1834,mainHall,mainHall,out,out
1835,mainHall,mainHall,hallA,out
1836,mainHall,other,mainHall,out
1837,mainHall,mainHall,other,out
1838,other,hallC,other,out
1839,other,hallB,hallB,out
1840,out,hallB,other,out
1841,mainHall,mainHall,mainHall,out
1842,out,hallB,other,out
1843,other,hallB,other,out
1844,mainHall,mainHall,other,out
1845,other,hallB,other,out
1846,out,out,mainHall,out
1847,mainHall,mainHall,mainHall,out
1848,exhibition,mainHall,out,out
1849,mainHall,mainHall,hallA,out
1850,mainHall,mainHall,out,out
1851,mainHall,mainHall,hallA,out
1852,mainHall,mainHall,other,out
1853,out,out,mainHall,out
1854,mainHall,mainHall,other,out
1855,out,hallB,out,out
1856,mainHall,mainHall,hallA,out
1857,mainHall,hallB,mainHall,out
1858,other,other,other,other
1859,mainHall,hallB,mainHall,out
1860,out,other,other,out
1861,mainHall,mainHall,mainHall,out
1862,mainHall,hallB,out,out
1863,exhibition,exhibition,other,out
1864,other,hallB,out,out
1865,mainHall,mainHall,mainHall,out
1866,mainHall,mainHall,mainHall,out
1867,mainHall,mainHall,hallA,out
1868,mainHall,mainHall,hallA,out
1869,mainHall,mainHall,hallA,out
1870,other,exhibition,other,out
1871,out,hallB,hallB,out
1872,mainHall,mainHall,hallA,out
1873,mainHall,hallB,out,out
1874,out,hallB,out,out
1875,mainHall,mainHall,mainHall,out
1876,mainHall,out,out,out
1877,mainHall,hallB,mainHall,out
1878,out,hallB,out,out
1879,mainHall,mainHall,hallA,out
1880,other,other,out,out
1881,other,hallC,other,out
1882,other,other,out,out
1883,mainHall,mainHall,other,out
1884,mainHall,out,out,out
1885,other,hallC,other,out
1886,out,other,mainHall,out
1887,mainHall,hallB,out,out
1888,mainHall,mainHall,mainHall,out
1889,other,hallC,hallC,out
1890,other,hallB,other,out
1891,out,other,other,out
1892,mainHall,hallB,other,out
1893,other,hallB,out,out
1894,out,other,other,out
1895,mainHall,mainHall,other,out
1896,mainHall,mainHall,other,out
1897,mainHall,other,mainHall,out
1898,mainHall,mainHall,hallA,out
1899,other,other,other,out
1900,mainHall,out,out,out
1901,mainHall,mainHall,hallA,out
1902,other,other,other,out
1903,other,other,out,out
1904,out,hallA,other,out
1905,mainHall,mainHall,other,out
1906,out,other,other,out
1907,mainHall,mainHall,out,out
1908,mainHall,mainHall,hallA,out
1909,mainHall,hallB,mainHall,out
1910,mainHall,mainHall,mainHall,out
1911,mainHall,mainHall,hallA,out
1912,out,hallB,hallB,out
1913,mainHall,mainHall,other,out
1914,mainHall,mainHall,mainHall,out
1915,mainHall,mainHall,mainHall,out
1916,out,out,other,out
1917,mainHall,mainHall,hallA,out
1918,other,hallA,other,out
1919,mainHall,mainHall,out,out
1920,mainHall,hallB,out,out
1921,other,other,out,out
1922,mainHall,mainHall,hallA,out
1923,mainHall,mainHall,hallA,out
1924,out,out,other,out
1925,other,hallB,other,out
1926,mainHall,mainHall,mainHall,out
1927,exhibition,hallB,other,out
1928,mainHall,hallB,out,out
1929,mainHall,hallB,mainHall,out
1930,mainHall,mainHall,hallA,out
1931,out,hallB,other,out
1932,mainHall,mainHall,hallA,out
1933,hallB,hallB,out,out
1934,other,hallC,hallC,out
1935,mainHall,mainHall,hallA,out
1936,other,other,out,out
1937,out,hallB,other,out
1938,out,out,out,out
1939,mainHall,hallB,mainHall,out
1940,mainHall,mainHall,mainHall,out
1941,mainHall,mainHall,hallA,out
1942,mainHall,mainHall,hallA,out
1943,out,out,mainHall,out
1944,mainHall,mainHall,out,out
1945,mainHall,other,other,out
1946,out,hallB,other,out
1947,mainHall,mainHall,hallA,out
1948,other,hallA,hallA,out
1949,out,hallC,other,out
1950,mainHall,mainHall,other,out
1951,mainHall,mainHall,hallA,out
1952,mainHall,mainHall,other,out
1953,mainHall,mainHall,hallA,out
1954,exhibition,hallB,other,out
1955,mainHall,hallB,out,out
1956,exhibition,exhibition,out,out
1957,mainHall,hallB,mainHall,out
1958,other,hallA,other,out
1959,other,hallB,hallB,out
1960,other,other,other,out
1961,mainHall,hallC,hallC,out
1962,out,out,mainHall,out
1963,out,other,other,out
1964,exhibition,mainHall,other,out
1965,other,hallB,mainHall,out
1966,mainHall,mainHall,mainHall,out
1967,mainHall,mainHall,mainHall,out
1968,mainHall,mainHall,hallA,out
1969,mainHall,other,mainHall,out
1970,exhibition,other,mainHall,out
1971,mainHall,hallB,mainHall,out
1972,out,other,other,out
1973,out,hallB,hallB,out
1974,other,hallB,out,out
1975,other,other,other,out
1976,mainHall,mainHall,hallA,out
1977,other,other,out,out
1978,out,out,out,out
1979,out,hallB,hallB,out
1980,mainHall,mainHall,mainHall,out
1981,mainHall,hallB,out,out
1982,mainHall,mainHall,hallA,out
1983,exhibition,mainHall,mainHall,out
1984,mainHall,mainHall,mainHall,out
1985,mainHall,hallB,mainHall,out
1986,mainHall,mainHall,other,out
1987,mainHall,hallB,out,out
1988,mainHall,mainHall,hallA,out
1989,mainHall,mainHall,hallA,out
1990,mainHall,mainHall,mainHall,out
1991,mainHall,out,out,out
1992,other,hallC,out,out
1993,out,hallB,other,out
1994,other,hallB,exhibition,out
1995,other,hallB,out,out
1996,out,hallA,out,out
1997,mainHall,mainHall,mainHall,out
1998,out,mainHall,mainHall,out
1999,mainHall,mainHall,hallA,out
2000,exhibition,hallB,other,out
2001,out,hallB,other,out
2002,mainHall,mainHall,hallA,out
2003,out,hallB,other,out
2004,mainHall,mainHall,out,out
2005,other,other,other,out
2006,out,other,hallA,out
2007,other,hallB,hallA,out
2008,mainHall,mainHall,hallA,out
2009,mainHall,mainHall,hallA,out
2010,mainHall,hallB,mainHall,out
2011,other,other,other,out
2012,other,other,other,out
2013,out,hallB,hallB,out
2014,out,out,out,out
2015,mainHall,hallB,mainHall,out
2016,mainHall,mainHall,mainHall,out
2017,out,out,other,out
2018,mainHall,mainHall,hallA,out
2019,mainHall,hallB,mainHall,out
2020,mainHall,mainHall,other,out
2021,other,hallC,hallC,out
2022,mainHall,hallB,mainHall,out
2023,mainHall,mainHall,mainHall,out
2024,other,hallA,hallA,out
2025,mainHall,other,mainHall,out
2026,mainHall,mainHall,hallA,out
2027,out,other,out,out
2028,other,other,other,out
2029,mainHall,hallB,mainHall,out
2030,out,hallB,other,out
2031,mainHall,mainHall,out,out
2032,mainHall,hallB,mainHall,out
2033,out,hallB,other,out
2034,mainHall,mainHall,hallA,out
2035,mainHall,hallB,mainHall,out
2036,mainHall,mainHall,hallA,out
2037,mainHall,hallB,mainHall,out
2038,mainHall,hallB,mainHall,out
2039,mainHall,mainHall,mainHall,out
2040,out,hallC,other,out
2041,mainHall,mainHall,hallA,out
2042,other,hallB,hallB,out
2043,out,hallB,hallA,out
2044,mainHall,mainHall,mainHall,out
2045,mainHall,mainHall,hallA,out
2046,other,other,other,out
2047,out,hallB,other,out
2048,mainHall,hallB,mainHall,out
2049,other,other,other,out
2050,other,hallB,other,out
2051,mainHall,mainHall,mainHall,out
2052,mainHall,mainHall,hallA,out
2053,mainHall,mainHall,hallA,out
2054,out,hallB,other,out
2055,mainHall,mainHall,mainHall,out
2056,mainHall,mainHall,mainHall,out
2057,mainHall,out,out,out
2058,mainHall,mainHall,other,out
2059,out,hallB,exhibition,out
2060,mainHall,mainHall,mainHall,out
2061,mainHall,mainHall,hallA,out
2062,mainHall,mainHall,hallA,out
2063,mainHall,mainHall,other,out
2064,mainHall,mainHall,hallA,out
2065,out,hallB,other,out
2066,mainHall,mainHall,mainHall,out
2067,out,hallA,hallA,out
2068,out,hallA,other,out
2069,mainHall,mainHall,mainHall,out
2070,mainHall,mainHall,out,out
2071,other,other,out,out
2072,mainHall,mainHall,other,out
2073,other,hallB,other,out
2074,exhibition,hallC,other,out
2075,other,hallC,other,out
2076,exhibition,other,other,out
2077,mainHall,other,out,out
2078,mainHall,mainHall,mainHall,out
2079,other,other,other,out
2080,mainHall,hallB,other,out
2081,mainHall,out,out,out
2082,mainHall,hallB,mainHall,out
2083,mainHall,out,out,out
2084,out,other,other,out
2085,mainHall,mainHall,mainHall,out
2086,other,hallB,hallB,out
2087,out,hallA,hallA,out
2088,mainHall,mainHall,mainHall,out
2089,mainHall,mainHall,hallA,out
2090,out,hallC,hallC,out
2091,mainHall,mainHall,other,out
2092,mainHall,mainHall,hallA,out
2093,out,hallB,other,out
2094,other,hallC,other,out
2095,other,hallB,hallB,out
2096,other,other,other,out
2097,mainHall,hallB,mainHall,out
2098,other,hallC,other,out
2099,mainHall,other,mainHall,out
2100,out,out,exhibition,out
2101,out,out,exhibition,out
2102,mainHall,other,mainHall,out
2103,other,hallB,hallB,out
2104,other,other,out,out
2105,mainHall,mainHall,hallA,out
2106,out,other,mainHall,out
2107,other,hallB,mainHall,out
2108,out,hallB,out,out
2109,out,mainHall,mainHall,out
2110,mainHall,mainHall,hallA,out
2111,mainHall,hallB,mainHall,out
2112,mainHall,mainHall,hallA,out
2113,other,other,other,out
2114,mainHall,mainHall,mainHall,out
2115,mainHall,mainHall,hallA,out
2116,other,other,out,out
2117,mainHall,mainHall,mainHall,out
2118,mainHall,mainHall,hallA,out
2119,mainHall,mainHall,other,out
2120,mainHall,mainHall,hallA,out
2121,out,hallA,other,out
2122,other,hallB,out,out
2123,mainHall,hallB,other,out
2124,other,other,other,out
2125,other,hallB,other,out
2126,mainHall,other,mainHall,out
2127,out,out,mainHall,out
2128,other,other,out,out
2129,mainHall,mainHall,mainHall,out
2130,mainHall,mainHall,other,out
2131,mainHall,other,out,out
2132,mainHall,mainHall,mainHall,out
2133,out,hallB,out,out
2134,other,hallA,other,out
2135,mainHall,other,mainHall,out
2136,mainHall,mainHall,other,out
2137,out,hallB,other,out
2138,out,hallA,other,out
2139,other,hallA,other,out
2140,out,hallB,other,out
2141,other,other,other,out
2142,mainHall,mainHall,mainHall,out
2143,other,other,other,out
2144,other,hallB,hallA,out
2145,mainHall,mainHall,other,out
2146,mainHall,mainHall,mainHall,out
2147,other,other,other,out
2148,other,hallA,out,out
2149,mainHall,mainHall,other,out
2150,out,hallC,hallC,out
2151,mainHall,hallC,hallC,out
2152,out,other,other,out
2153,mainHall,out,out,out
2154,mainHall,mainHall,out,out
2155,out,mainHall,mainHall,out
2156,mainHall,mainHall,mainHall,out
2157,mainHall,mainHall,hallA,out
2158,mainHall,mainHall,hallA,out
2159,mainHall,out,out,out
2160,exhibition,out,out,out
2161,mainHall,hallB,mainHall,out
2162,out,hallB,out,out
2163,mainHall,mainHall,out,out
2164,mainHall,mainHall,hallA,out
2165,mainHall,mainHall,other,out
2166,other,hallB,other,out
2167,mainHall,mainHall,mainHall,out
2168,mainHall,mainHall,hallA,out
2169,out,other,other,out
2170,mainHall,mainHall,other,out
2171,mainHall,mainHall,hallA,out
2172,out,other,other,out
2173,other,other,mainHall,out
2174,other,hallC,out,out
2175,other,other,other,out
2176,mainHall,mainHall,mainHall,out
2177,other,out,out,out
2178,mainHall,mainHall,hallA,out
2179,mainHall,mainHall,out,out
2180,other,hallA,hallA,out
2181,mainHall,mainHall,hallA,out
2182,mainHall,out,out,out
2183,out,hallB,other,out
2184,mainHall,hallB,mainHall,out
2185,other,hallB,other,out
2186,mainHall,hallB,mainHall,out
2187,other,mainHall,mainHall,out
2188,mainHall,mainHall,other,out
2189,mainHall,other,mainHall,out
2190,mainHall,mainHall,other,out
2191,mainHall,mainHall,mainHall,out
2192,mainHall,mainHall,hallA,out
2193,other,other,other,out
2194,exhibition,exhibition,other,out
2195,exhibition,hallB,other,out
2196,out,hallA,hallA,out
2197,mainHall,mainHall,other,out
2198,mainHall,mainHall,mainHall,out
2199,out,hallA,hallA,out
2200,other,other,other,out
2201,mainHall,mainHall,other,out
2202,mainHall,mainHall,hallA,out
2203,mainHall,mainHall,hallA,out
2204,other,other,other,out
2205,mainHall,hallB,mainHall,out
2206,mainHall,mainHall,mainHall,out
2207,mainHall,mainHall,mainHall,out
2208,out,out,other,out
2209,mainHall,mainHall,other,out
2210,other,hallB,other,out
2211,mainHall,hallB,mainHall,out
2212,mainHall,mainHall,hallA,out
2213,mainHall,hallB,mainHall,out
2214,other,other,other,out
2215,other,hallB,out,out
2216,other,other,out,out
2217,mainHall,other,mainHall,out
2218,out,other,mainHall,out
2219,mainHall,mainHall,hallA,out
2220,mainHall,mainHall,hallA,out
2221,mainHall,mainHall,mainHall,out
2222,mainHall,mainHall,hallA,out
2223,mainHall,mainHall,hallA,out
2224,mainHall,other,out,out
2225,mainHall,mainHall,hallA,out
2226,out,other,other,out
2227,out,out,other,out
2228,out,hallB,out,out
2229,out,other,other,out
2230,out,hallB,out,out
2231,mainHall,mainHall,mainHall,out
2232,mainHall,mainHall,mainHall,out
2233,other,other,other,out
2234,mainHall,mainHall,hallA,out
2235,mainHall,mainHall,hallA,out
2236,out,hallB,other,out
2237,out,hallA,hallA,out
2238,mainHall,mainHall,hallA,out
2239,mainHall,mainHall,mainHall,out
2240,other,hallB,out,out
2241,mainHall,mainHall,hallA,out
2242,out,hallB,other,out
2243,other,hallB,mainHall,out
2244,out,hallB,other,out
2245,exhibition,other,mainHall,out
2246,mainHall,other,mainHall,out
2247,mainHall,mainHall,hallA,out
2248,mainHall,mainHall,hallA,out
2249,mainHall,mainHall,hallA,out
2250,out,hallA,other,out
2251,out,hallC,hallC,out
2252,other,hallC,other,out
2253,mainHall,other,other,out
2254,mainHall,hallB,mainHall,out
2255,mainHall,mainHall,hallA,out
2256,exhibition,out,out,out
2257,mainHall,mainHall,mainHall,out
2258,other,hallB,other,out
2259,mainHall,mainHall,hallA,out
2260,out,hallA,hallA,out
2261,mainHall,mainHall,mainHall,out
2262,mainHall,mainHall,other,out
2263,mainHall,other,mainHall,out
2264,exhibition,hallB,other,out
2265,exhibition,hallA,hallA,out
2266,mainHall,mainHall,other,out
2267,other,other,other,out
2268,out,out,mainHall,out
2269,mainHall,mainHall,other,out
2270,mainHall,other,mainHall,out
2271,mainHall,mainHall,hallA,out
2272,mainHall,mainHall,hallA,out
2273,out,out,other,out
2274,out,other,out,out
2275,mainHall,mainHall,hallA,out
2276,other,hallB,hallB,out
2277,out,hallB,mainHall,out
2278,mainHall,hallB,other,out
2279,mainHall,mainHall,hallA,out
2280,mainHall,mainHall,mainHall,out
2281,mainHall,mainHall,other,out
2282,mainHall,mainHall,hallA,out
2283,out,hallB,out,out
2284,mainHall,mainHall,out,out
2285,out,hallA,hallA,out
2286,mainHall,mainHall,hallA,out
2287,mainHall,mainHall,hallA,out
2288,mainHall,mainHall,hallA,out
2289,mainHall,mainHall,hallA,out
2290,out,hallC,other,out
2291,other,hallB,out,out
2292,mainHall,hallB,other,out
2293,mainHall,mainHall,mainHall,out
2294,mainHall,mainHall,hallA,out
2295,other,other,other,out
2296,out,hallC,other,out
2297,other,hallC,other,out
2298,other,hallB,other,out
2299,other,hallC,hallC,out
2300,out,other,hallA,out
2301,mainHall,hallB,out,out
2302,out,hallA,hallA,out
2303,mainHall,mainHall,other,out
2304,mainHall,mainHall,hallA,out
2305,mainHall,other,other,out
2306,other,other,other,out
2307,mainHall,out,out,out
2308,mainHall,mainHall,mainHall,out
2309,mainHall,exhibition,exhibition,out
2310,mainHall,mainHall,other,out
2311,other,other,other,out
2312,mainHall,other,mainHall,out
2313,other,hallB,out,out
2314,mainHall,mainHall,hallA,out
2315,out,other,other,out
2316,mainHall,mainHall,out,out
2317,out,hallB,other,out
2318,mainHall,mainHall,other,out
2319,mainHall,mainHall,hallA,out
2320,out,hallB,out,out
2321,out,out,out,out
2322,exhibition,other,other,out
2323,mainHall,mainHall,hallA,out
2324,mainHall,hallB,mainHall,out
2325,other,other,other,out
2326,other,other,other,out
2327,mainHall,mainHall,hallA,out
2328,out,out,other,out
2329,mainHall,mainHall,other,out
2330,mainHall,mainHall,hallA,out
2331,mainHall,other,mainHall,out
2332,mainHall,mainHall,other,out
2333,mainHall,mainHall,hallA,out
2334,mainHall,mainHall,out,out
2335,other,mainHall,other,out
2336,mainHall,mainHall,mainHall,out
2337,mainHall,mainHall,other,out
2338,mainHall,exhibition,other,out
2339,other,hallB,out,out
2340,mainHall,other,mainHall,out
2341,mainHall,mainHall,hallA,out
2342,out,hallB,out,out
2343,mainHall,mainHall,mainHall,out
2344,other,mainHall,mainHall,out
2345,other,hallB,out,out
2346,out,hallA,hallA,out
2347,other,hallB,out,out
2348,other,out,out,out
2349,mainHall,mainHall,other,out
2350,other,other,other,out
2351,mainHall,hallB,mainHall,out
2352,out,hallC,hallC,out
2353,mainHall,mainHall,mainHall,out
2354,mainHall,mainHall,mainHall,out
2355,mainHall,mainHall,other,out
2356,out,hallC,other,out
2357,out,hallB,other,out
2358,out,out,mainHall,out
2359,out,hallB,out,out
2360,mainHall,mainHall,hallA,out
2361,mainHall,mainHall,out,out
2362,mainHall,hallB,mainHall,out
2363,mainHall,hallB,mainHall,out
2364,exhibition,hallA,other,out
2365,mainHall,mainHall,mainHall,out
2366,other,other,other,other
2367,exhibition,hallB,other,out
2368,mainHall,exhibition,exhibition,out
2369,mainHall,mainHall,hallA,out
2370,mainHall,mainHall,out,out
2371,mainHall,mainHall,mainHall,out
2372,out,hallA,hallA,out
2373,mainHall,hallB,out,out
2374,other,hallB,other,out
2375,mainHall,mainHall,hallA,out
2376,other,other,out,out
2377,mainHall,hallB,mainHall,out
2378,mainHall,mainHall,hallA,out
2379,out,hallC,other,out
2380,other,other,exhibition,out
2381,out,out,other,out
2382,out,out,out,out
2383,out,exhibition,exhibition,out
2384,mainHall,mainHall,mainHall,out
2385,mainHall,mainHall,mainHall,out
2386,mainHall,mainHall,mainHall,out
2387,mainHall,hallB,mainHall,out
2388,other,hallB,out,out
2389,other,other,out,out
2390,other,other,other,out
2391,mainHall,mainHall,other,out
2392,mainHall,mainHall,mainHall,out
2393,mainHall,mainHall,hallA,out
2394,mainHall,mainHall,mainHall,out
2395,other,other,out,out
2396,mainHall,hallB,mainHall,out
2397,other,hallB,hallB,out
2398,mainHall,mainHall,mainHall,out
2399,mainHall,mainHall,out,out
2400,other,hallA,hallA,out
2401,other,hallB,hallB,out
2402,other,other,other,out
2403,out,hallA,hallA,out
2404,other,hallA,other,out
2405,mainHall,mainHall,other,out
2406,out,hallB,exhibition,out
2407,exhibition,hallC,hallC,out
2408,out,out,mainHall,out
2409,out,hallC,other,out
2410,mainHall,other,mainHall,out
2411,mainHall,mainHall,hallA,out
2412,mainHall,other,out,out
2413,out,hallB,hallB,out
2414,other,other,other,out
2415,other,hallB,other,out
2416,mainHall,mainHall,other,out
2417,mainHall,mainHall,other,out
2418,out,hallB,other,out
2419,mainHall,hallB,mainHall,out
2420,exhibition,hallB,other,out
2421,out,hallC,other,out
2422,other,hallC,out,out
2423,mainHall,hallB,out,out
2424,other,other,other,out
2425,out,out,out,out
2426,mainHall,mainHall,hallA,out
2427,out,hallB,other,out
2428,mainHall,mainHall,mainHall,out
2429,mainHall,mainHall,other,out
2430,out,hallB,other,out
2431,mainHall,mainHall,other,out
2432,out,exhibition,other,out
2433,other,other,other,out
2434,mainHall,other,mainHall,out
2435,mainHall,mainHall,mainHall,out
2436,out,out,mainHall,out
2437,out,other,other,out
2438,mainHall,hallB,exhibition,out
2439,mainHall,mainHall,mainHall,out
2440,mainHall,mainHall,mainHall,out
2441,out,hallC,out,out
2442,out,mainHall,mainHall,out
2443,mainHall,mainHall,mainHall,out
2444,mainHall,mainHall,other,out
2445,mainHall,mainHall,mainHall,out
2446,other,hallB,other,out
2447,mainHall,other,mainHall,out
2448,other,hallB,hallB,out
2449,mainHall,hallB,hallB,out
2450,other,other,other,out
2451,other,other,out,out
2452,other,other,out,out
2453,other,hallB,out,out
2454,out,hallA,other,out
2455,mainHall,hallB,mainHall,out
2456,out,other,mainHall,out
2457,out,other,out,out
2458,mainHall,mainHall,other,out
2459,mainHall,mainHall,hallA,out
2460,other,other,out,out
2461,other,hallB,other,out
2462,mainHall,hallB,other,out
2463,other,other,other,out
2464,other,other,other,out
2465,mainHall,mainHall,other,out
2466,mainHall,mainHall,mainHall,out
2467,mainHall,mainHall,hallA,out
2468,other,hallB,hallB,out
2469,mainHall,hallB,mainHall,out
2470,mainHall,mainHall,other,out
2471,exhibition,hallB,other,out
2472,other,other,other,other
2473,out,out,out,out
2474,other,out,out,out
2475,mainHall,mainHall,hallA,out
2476,mainHall,mainHall,hallA,out
2477,out,hallB,other,out
2478,out,hallC,out,out
2479,mainHall,mainHall,other,out
2480,mainHall,mainHall,mainHall,out
2481,mainHall,mainHall,hallA,out
2482,mainHall,mainHall,out,out
2483,mainHall,mainHall,hallA,out
2484,mainHall,mainHall,hallA,out
2485,exhibition,out,out,out
2486,out,other,mainHall,out
2487,out,other,out,out
2488,mainHall,mainHall,other,out
2489,other,out,out,out
2490,mainHall,mainHall,mainHall,out
2491,mainHall,mainHall,mainHall,out
2492,mainHall,mainHall,hallA,out
2493,other,other,out,out
2494,other,hallC,other,out
2495,out,mainHall,exhibition,out
2496,out,hallA,hallA,out
2497,mainHall,mainHall,hallA,out
2498,other,other,other,out
2499,mainHall,mainHall,mainHall,out
2500,mainHall,mainHall,hallA,out
2501,mainHall,mainHall,hallA,out
2502,other,other,out,out
2503,exhibition,out,out,out
2504,exhibition,other,mainHall,out
2505,out,other,mainHall,out
2506,mainHall,out,out,out
2507,mainHall,mainHall,mainHall,out
2508,mainHall,mainHall,hallA,out
2509,mainHall,mainHall,out,out
2510,out,hallB,hallB,out
2511,mainHall,hallB,mainHall,out
2512,out,mainHall,exhibition,out
2513,out,mainHall,mainHall,out
2514,mainHall,hallB,out,out
2515,mainHall,mainHall,hallA,out
2516,out,other,mainHall,out
2517,mainHall,hallB,other,out
2518,other,exhibition,out,out
2519,other,other,other,out
2520,out,out,other,out
2521,out,hallB,other,out
2522,mainHall,mainHall,other,out
2523,out,other,other,out
2524,out,out,out,out
2525,out,hallB,out,out
2526,mainHall,mainHall,mainHall,out
2527,out,hallB,mainHall,out
2528,out,out,out,out
2529,mainHall,mainHall,other,out
2530,out,out,other,out
2531,out,other,other,out
2532,mainHall,mainHall,mainHall,out
2533,other,hallB,hallA,out
2534,mainHall,other,mainHall,out
2535,other,hallA,out,out
2536,mainHall,hallB,mainHall,out
2537,mainHall,mainHall,hallA,out
2538,other,hallC,hallC,out
2539,out,hallA,hallA,out
2540,out,hallB,hallB,out
2541,mainHall,hallB,out,out
2542,other,hallB,out,out
2543,out,hallA,hallA,out
2544,exhibition,mainHall,mainHall,out
2545,other,hallA,hallA,out
2546,out,hallB,other,out
2547,mainHall,mainHall,mainHall,out
2548,mainHall,other,mainHall,out
2549,other,hallC,out,out
2550,mainHall,other,mainHall,out
2551,other,other,other,out
2552,mainHall,other,mainHall,out
2553,out,hallB,other,out
2554,mainHall,mainHall,hallA,out
2555,other,hallB,other,out
2556,other,other,out,out
2557,out,out,mainHall,out
2558,out,hallB,other,out
2559,mainHall,mainHall,mainHall,out
2560,mainHall,mainHall,hallA,out
2561,other,other,other,out
2562,mainHall,out,out,out
2563,exhibition,other,mainHall,out
2564,mainHall,mainHall,other,out
2565,exhibition,hallB,other,out
2566,mainHall,mainHall,other,out
2567,mainHall,mainHall,hallA,out
2568,mainHall,hallB,mainHall,out
2569,mainHall,mainHall,hallA,out
2570,other,other,out,out
2571,mainHall,other,mainHall,out
2572,mainHall,mainHall,mainHall,out
2573,exhibition,other,other,out
2574,other,other,other,out
2575,mainHall,hallB,mainHall,out
2576,out,hallB,other,out
2577,mainHall,mainHall,other,out
2578,mainHall,mainHall,mainHall,out
2579,out,out,out,out
2580,mainHall,out,out,out
2581,other,hallC,hallC,out
2582,mainHall,mainHall,other,out
2583,mainHall,mainHall,other,out
2584,out,hallC,other,out
2585,mainHall,mainHall,hallA,out
2586,other,mainHall,mainHall,out
2587,out,hallB,other,out
2588,out,out,mainHall,out
2589,mainHall,mainHall,other,out
2590,other,other,other,out
2591,mainHall,mainHall,mainHall,out
2592,mainHall,mainHall,hallA,out
2593,exhibition,hallB,out,out
2594,out,hallC,other,out
2595,mainHall,mainHall,other,out
2596,exhibition,exhibition,other,out
2597,mainHall,mainHall,hallA,out
2598,mainHall,mainHall,other,out
2599,mainHall,mainHall,hallA,out
2600,out,hallB,other,out
2601,mainHall,hallB,mainHall,out
2602,other,hallB,out,out
2603,mainHall,mainHall,other,out
2604,mainHall,hallB,out,out
2605,out,hallB,other,out
2606,mainHall,hallB,mainHall,out
2607,other,other,other,out
2608,out,other,mainHall,out
2609,exhibition,hallB,other,out
2610,out,other,out,out
2611,out,other,other,out
2612,out,hallB,hallB,out
2613,mainHall,hallB,mainHall,out
2614,mainHall,mainHall,hallA,out
2615,exhibition,out,out,out
2616,other,hallB,hallB,out
2617,other,other,other,out
2618,out,hallB,out,out
2619,mainHall,mainHall,hallA,out
2620,mainHall,mainHall,other,out
2621,exhibition,mainHall,other,out
2622,other,other,other,out
2623,exhibition,hallB,other,out
2624,out,other,hallA,out
2625,other,other,other,out
2626,exhibition,hallA,other,out
2627,mainHall,mainHall,other,out
2628,mainHall,mainHall,mainHall,out
2629,mainHall,out,out,out
2630,other,other,other,out
2631,out,hallB,other,out
2632,other,hallB,hallA,out
2633,out,exhibition,hallA,out
2634,mainHall,exhibition,exhibition,out
2635,other,hallB,other,out
2636,mainHall,mainHall,hallA,out
2637,mainHall,mainHall,hallA,out
2638,out,hallB,out,out
2639,other,other,other,out
2640,mainHall,mainHall,mainHall,out
2641,mainHall,mainHall,mainHall,out
2642,other,hallB,other,out
2643,mainHall,mainHall,hallA,out
2644,other,hallC,other,out
2645,mainHall,mainHall,hallA,out
2646,other,hallB,hallB,out
2647,mainHall,hallB,mainHall,out
2648,out,hallB,other,out
2649,out,other,other,out
2650,out,hallB,out,out
2651,out,hallB,out,out
2652,other,hallB,hallA,out
2653,mainHall,mainHall,hallA,out
2654,other,hallB,hallB,out
2655,out,hallB,out,out
2656,mainHall,hallB,out,out
2657,mainHall,mainHall,mainHall,out
2658,mainHall,hallB,mainHall,out
2659,out,out,mainHall,out
2660,out,hallB,other,out
2661,other,other,out,out
2662,mainHall,mainHall,hallA,out
2663,mainHall,hallB,other,out
2664,other,other,out,out
2665,other,other,other,out
2666,mainHall,mainHall,hallA,out
2667,other,other,other,out
2668,mainHall,hallB,mainHall,out
2669,mainHall,mainHall,hallA,out
2670,out,hallB,other,out
2671,mainHall,hallB,mainHall,out
2672,out,hallA,other,out
2673,mainHall,mainHall,mainHall,out
2674,mainHall,mainHall,hallA,out
2675,out,hallB,other,out
2676,other,other,other,out
2677,other,hallB,out,out
2678,other,hallB,out,out
2679,other,hallB,hallB,out
2680,mainHall,mainHall,mainHall,out
2681,out,out,out,out
2682,mainHall,mainHall,mainHall,out
2683,mainHall,mainHall,hallA,out
2684,mainHall,mainHall,hallA,out
2685,out,hallA,hallA,out
2686,out,other,other,out
2687,other,hallC,out,out
2688,out,other,mainHall,out
2689,other,hallC,other,out
2690,out,hallA,hallA,out
2691,exhibition,exhibition,out,out
2692,other,hallA,hallA,out
2693,mainHall,mainHall,mainHall,out
2694,other,other,other,out
2695,other,hallB,other,out
2696,other,other,other,out
2697,mainHall,hallB,out,out
2698,out,hallB,other,out
2699,mainHall,mainHall,hallA,out
2700,mainHall,hallB,mainHall,out
2701,mainHall,mainHall,hallA,out
2702,out,hallB,other,out
2703,mainHall,hallB,mainHall,out
2704,mainHall,mainHall,hallA,out
2705,mainHall,mainHall,hallA,out
2706,other,other,other,out
2707,mainHall,mainHall,mainHall,out
2708,other,other,other,out
2709,out,other,out,out
2710,mainHall,mainHall,hallA,out
2711,mainHall,mainHall,hallA,out
2712,mainHall,mainHall,hallA,out
2713,mainHall,hallB,mainHall,out
2714,other,other,out,out
2715,mainHall,hallB,out,out
2716,mainHall,mainHall,out,out
2717,mainHall,mainHall,hallA,out
2718,exhibition,mainHall,out,out
2719,mainHall,mainHall,hallA,out
2720,mainHall,hallB,out,out
2721,other,other,other,out
2722,mainHall,mainHall,hallA,out
2723,mainHall,mainHall,mainHall,out
2724,out,out,mainHall,out
2725,out,hallC,hallA,out
2726,mainHall,mainHall,mainHall,out
2727,out,hallA,hallA,out
2728,mainHall,mainHall,mainHall,out
2729,mainHall,hallB,mainHall,out
2730,mainHall,mainHall,hallA,out
2731,mainHall,mainHall,hallA,out
2732,mainHall,mainHall,other,out
2733,mainHall,mainHall,mainHall,out
2734,out,mainHall,mainHall,out
2735,out,hallB,other,out
2736,out,hallB,other,out
2737,mainHall,mainHall,hallA,out
2738,other,other,other,out
2739,mainHall,mainHall,other,out
2740,mainHall,hallB,mainHall,out
2741,other,hallB,out,out
2742,other,other,out,out
2743,out,hallB,hallB,out
2744,other,other,other,out
2745,other,hallB,out,out
2746,exhibition,other,out,out
2747,out,hallB,out,out
2748,mainHall,mainHall,hallA,out
2749,other,hallB,other,out
2750,other,other,other,out
2751,other,hallB,other,out
2752,other,out,out,out
2753,mainHall,mainHall,hallA,out
2754,other,other,other,out
2755,other,other,other,out
2756,mainHall,mainHall,hallA,out
2757,out,hallA,hallA,out
2758,mainHall,mainHall,hallA,out
2759,mainHall,other,out,out
2760,other,out,out,out
2761,mainHall,mainHall,out,out
2762,mainHall,mainHall,mainHall,out
2763,out,other,other,out
2764,mainHall,hallB,other,out
2765,out,hallB,other,out
2766,mainHall,mainHall,hallA,out
2767,mainHall,mainHall,hallA,out
2768,other,hallA,hallA,out
2769,other,other,other,out
2770,mainHall,other,mainHall,out
2771,mainHall,mainHall,mainHall,out
2772,mainHall,mainHall,mainHall,out
2773,mainHall,mainHall,hallA,out
2774,mainHall,mainHall,hallA,out
2775,other,hallB,hallB,out
2776,out,hallB,other,out
2777,mainHall,mainHall,hallA,out
2778,out,hallC,out,out
2779,mainHall,mainHall,hallA,out
2780,out,out,other,out
2781,mainHall,mainHall,mainHall,out
2782,mainHall,hallB,other,out
2783,mainHall,mainHall,hallA,out
2784,mainHall,mainHall,hallA,out
2785,mainHall,out,out,out
2786,mainHall,mainHall,hallA,out
2787,mainHall,mainHall,hallA,out
2788,out,out,out,out
2789,mainHall,mainHall,hallA,out
2790,mainHall,other,out,out
2791,mainHall,mainHall,mainHall,out
2792,mainHall,mainHall,other,out
2793,out,hallB,mainHall,out
2794,out,mainHall,mainHall,out
2795,other,other,hallA,out
2796,out,out,out,out
2797,mainHall,mainHall,hallA,out
2798,out,hallB,other,out
2799,mainHall,mainHall,hallA,out
2800,mainHall,mainHall,other,out
2801,out,out,out,out
2802,other,other,other,out
2803,mainHall,hallB,out,out
2804,mainHall,mainHall,hallA,out
2805,mainHall,hallB,hallA,out
2806,out,exhibition,out,out
2807,mainHall,mainHall,hallA,out
2808,out,hallC,hallC,out
2809,mainHall,mainHall,hallA,out
2810,mainHall,mainHall,hallA,out
2811,mainHall,mainHall,hallA,out
2812,mainHall,mainHall,mainHall,out
2813,out,hallA,hallA,out
2814,mainHall,hallB,mainHall,out
2815,mainHall,mainHall,hallA,out
2816,other,other,other,out
2817,other,other,other,out
2818,mainHall,mainHall,other,out
2819,other,hallC,out,out
2820,mainHall,mainHall,out,out
2821,out,mainHall,mainHall,out
2822,mainHall,mainHall,other,out
2823,mainHall,out,out,out
2824,mainHall,mainHall,other,out
2825,out,hallA,hallA,out
2826,out,out,other,out
2827,out,hallB,other,out
2828,mainHall,exhibition,exhibition,out
2829,other,hallB,other,out
2830,out,hallB,other,out
2831,other,other,out,out
2832,other,hallC,hallC,out
2833,mainHall,hallB,mainHall,out
2834,out,mainHall,mainHall,out
2835,out,hallB,out,out
2836,mainHall,mainHall,other,out
2837,other,other,other,out
2838,mainHall,mainHall,other,out
2839,exhibition,exhibition,other,out
2840,mainHall,mainHall,hallA,out
2841,other,other,other,other
2842,mainHall,mainHall,hallA,out
2843,other,hallB,out,out
2844,mainHall,mainHall,hallA,out
2845,other,other,exhibition,out
2846,other,hallB,other,out
2847,mainHall,mainHall,hallA,out
2848,mainHall,mainHall,hallA,out
2849,mainHall,mainHall,hallA,out
2850,out,out,other,out
2851,other,other,out,out
2852,out,other,mainHall,out
2853,exhibition,mainHall,out,out
2854,mainHall,mainHall,out,out
2855,mainHall,mainHall,hallA,out
2856,out,mainHall,mainHall,out
2857,mainHall,out,out,out
2858,mainHall,mainHall,hallA,out
2859,mainHall,mainHall,hallA,out
2860,other,other,other,out
2861,other,hallB,other,out
2862,other,hallB,other,out
2863,mainHall,mainHall,other,out
2864,other,hallA,hallA,out
2865,other,hallC,hallC,out
2866,out,out,mainHall,out
2867,mainHall,mainHall,mainHall,out
2868,mainHall,mainHall,mainHall,out
2869,mainHall,other,mainHall,out
2870,out,mainHall,exhibition,out
2871,other,other,other,out
2872,out,hallB,out,out
2873,mainHall,mainHall,hallA,out
2874,mainHall,mainHall,hallA,out
2875,mainHall,mainHall,mainHall,out
2876,out,out,mainHall,out
2877,mainHall,out,out,out
2878,other,other,other,out
2879,out,hallB,hallB,out
2880,other,hallC,out,out
2881,mainHall,mainHall,other,out
2882,other,other,other,out
2883,mainHall,mainHall,mainHall,out
2884,other,hallB,out,out
2885,mainHall,other,mainHall,out
2886,mainHall,mainHall,mainHall,out
2887,mainHall,hallB,mainHall,out
2888,mainHall,hallB,mainHall,out
2889,mainHall,mainHall,other,out
2890,mainHall,mainHall,mainHall,out
2891,mainHall,mainHall,mainHall,out
2892,mainHall,mainHall,hallA,out
2893,exhibition,hallB,other,out
2894,exhibition,mainHall,mainHall,out
2895,mainHall,mainHall,hallA,out
2896,mainHall,mainHall,hallA,out
2897,mainHall,mainHall,mainHall,out
2898,out,hallB,out,out
2899,other,hallB,out,out
2900,mainHall,mainHall,hallA,out
2901,mainHall,mainHall,out,out
2902,mainHall,mainHall,hallA,out
2903,mainHall,mainHall,hallA,out
2904,mainHall,mainHall,hallA,out
2905,mainHall,other,mainHall,out
2906,out,hallC,other,out
2907,out,other,other,out
2908,out,other,out,out
2909,out,mainHall,mainHall,out
2910,exhibition,hallA,hallA,out
2911,out,hallB,hallB,out
2912,mainHall,mainHall,hallA,out
2913,other,other,out,out
2914,other,other,other,out
2915,out,hallB,other,out
2916,mainHall,mainHall,other,out
2917,mainHall,mainHall,hallA,out
2918,mainHall,mainHall,other,out
2919,mainHall,exhibition,other,out
2920,other,other,other,out
2921,mainHall,mainHall,other,out
2922,mainHall,mainHall,hallA,out
2923,out,hallB,hallB,out
2924,out,out,mainHall,out
2925,other,other,out,out
2926,other,other,other,out
2927,exhibition,out,out,out
2928,mainHall,mainHall,mainHall,out
2929,mainHall,hallB,mainHall,out
